Date,Open,High,Low,Close,Volume,Series,TOTAL_TRADES,QTY_PER_TRADE,DLV_QTY
2021-07-27,14.05,14.05,13.45,14.05,277005,EQ,1020.0,271.57,152373.0
2021-07-28,14.8,14.8,13.95,14.15,526956,EQ,2935.0,179.54,285200.0
2021-07-29,14.6,14.75,14.15,14.25,312237,EQ,2593.0,120.42,230631.0
2021-07-30,14.6,14.95,14.45,14.95,524928,EQ,4644.0,113.03,427755.0
2021-08-02,15.65,15.65,15.6,15.65,63463,EQ,171.0,371.13,53549.0
2021-08-03,16.45,16.45,16.45,16.45,33877,EQ,39.0,868.64,33877.0
2021-08-04,17.25,17.25,17.25,17.25,5959,EQ,42.0,141.88,5959.0
2021-08-05,18.15,18.15,16.45,16.5,748442,EQ,6329.0,118.26,467761.0
2021-08-06,17.0,17.2,16.55,16.75,101474,EQ,1218.0,83.31,65785.0
2021-08-09,17.15,17.25,16.0,16.15,109901,EQ,1870.0,58.77,74875.0
2021-08-10,16.45,16.45,15.35,15.35,61555,EQ,861.0,71.49,44996.0
2021-08-11,14.55,14.85,14.55,14.55,167371,EQ,640.0,261.52,134401.0
2021-08-12,14.8,14.95,13.85,14.35,248251,EQ,3397.0,73.08,130900.0
2021-08-13,14.75,15.0,13.6,15.0,148169,EQ,2770.0,53.49,53718.0
2021-08-16,15.8,15.8,15.55,15.8,64416,EQ,688.0,93.63,47035.0
2021-08-17,16.35,16.35,15.0,15.0,131676,EQ,1309.0,100.59,82787.0
2021-08-18,15.0,15.0,14.25,14.35,39850,EQ,742.0,53.71,20719.0
2021-08-20,13.8,14.7,13.8,14.35,43703,EQ,855.0,51.11,22681.0
2021-08-23,14.35,15.0,13.6,13.6,48368,EQ,715.0,67.65,28727.0
2021-08-24,13.65,14.2,12.95,13.65,88571,EQ,1579.0,56.09,33420.0
2021-08-25,13.8,14.35,13.8,14.15,65266,EQ,1151.0,56.7,36518.0
2021-08-26,14.65,14.85,14.15,14.65,105917,EQ,1396.0,75.87,55520.0
2021-08-27,14.8,14.85,14.2,14.35,22863,EQ,492.0,46.47,15676.0
2021-08-30,14.75,15.0,14.4,15.0,61869,EQ,876.0,70.63,34783.0
2021-08-31,15.35,15.7,15.05,15.2,53281,EQ,1148.0,46.41,28913.0
2021-09-01,15.7,15.7,14.6,14.65,34746,EQ,1061.0,32.75,23557.0
2021-09-02,14.85,14.85,14.05,14.1,46166,EQ,912.0,50.62,30561.0
2021-09-03,14.35,14.5,13.65,13.8,42147,EQ,893.0,47.2,30434.0
2021-09-06,14.15,14.15,13.35,13.7,43854,EQ,1000.0,43.85,21269.0
2021-09-07,13.85,14.0,13.35,13.45,53495,EQ,1071.0,49.95,45035.0
2021-09-08,13.65,13.65,13.35,13.55,28141,EQ,383.0,73.48,24837.0
2021-09-09,13.75,13.85,13.35,13.35,43031,EQ,784.0,54.89,33795.0
2021-09-13,13.35,13.55,13.25,13.3,29999,EQ,327.0,91.74,27137.0
2021-09-14,13.35,13.95,13.35,13.95,86839,EQ,1834.0,47.35,74816.0
2021-09-15,14.55,14.65,14.25,14.65,61691,EQ,243.0,253.87,60160.0
2021-09-16,15.35,15.35,15.0,15.35,195433,EQ,1005.0,194.46,134586.0
2021-09-17,15.45,15.65,14.7,15.0,133542,EQ,1206.0,110.73,110268.0
2021-09-20,15.2,15.65,15.0,15.25,122238,EQ,999.0,122.36,99929.0
2021-09-21,15.55,15.55,14.45,14.55,83267,EQ,822.0,101.3,73753.0
2021-09-22,15.0,15.0,13.95,14.05,68667,EQ,750.0,91.56,50397.0
2021-09-23,14.6,14.8,14.15,14.8,67085,EQ,448.0,149.74,56201.0
2021-09-24,14.95,15.25,14.45,14.75,37453,EQ,601.0,62.32,28436.0
2021-09-27,15.0,15.0,14.05,14.6,32213,EQ,413.0,78.0,22214.0
2021-09-28,14.6,15.0,14.45,14.65,24242,EQ,422.0,57.45,19201.0
2021-09-29,15.0,15.4,14.2,14.55,33341,EQ,566.0,58.91,22854.0
2021-09-30,14.6,14.95,14.0,14.15,41897,EQ,584.0,71.74,32035.0
2021-10-01,14.15,14.55,13.95,14.25,11245,EQ,291.0,38.64,8165.0
2021-10-04,15.0,15.0,14.65,15.0,25818,EQ,196.0,131.72,19169.0
2021-10-05,15.2,15.55,14.55,14.8,55559,EQ,1178.0,47.16,35967.0
2021-10-06,15.0,15.0,14.2,14.35,37322,EQ,869.0,42.95,25392.0
2021-10-07,14.85,14.85,14.15,14.35,25092,EQ,701.0,35.79,17089.0
2021-10-08,15.65,15.65,15.15,15.2,133745,EQ,3785.0,35.34,71749.0
2021-10-11,15.45,16.75,15.45,16.15,211739,EQ,2697.0,78.51,116289.0
2021-10-12,16.35,16.35,15.15,15.6,89586,EQ,2387.0,37.53,47861.0
2021-10-13,15.55,16.35,15.45,16.0,81962,EQ,2818.0,29.09,48003.0
2021-10-14,16.0,16.35,15.7,15.8,32962,EQ,1393.0,23.66,20799.0
2021-10-18,16.2,16.4,15.65,15.65,48903,EQ,1102.0,44.38,36142.0
2021-10-19,15.75,16.05,14.55,14.8,61196,EQ,1467.0,41.72,46073.0
2021-10-20,14.35,15.0,14.2,14.75,30978,EQ,1021.0,30.34,20571.0
2021-10-21,15.0,15.05,14.45,14.85,16311,EQ,367.0,44.44,11742.0
2021-10-22,13.45,15.0,13.45,14.65,13101,EQ,404.0,32.43,9448.0
2021-10-25,15.45,15.5,14.45,15.0,38470,EQ,669.0,57.5,33622.0
2021-10-26,15.2,16.5,15.2,16.5,117147,EQ,1501.0,78.05,99409.0
2021-10-27,16.35,18.15,16.25,18.15,215029,EQ,2601.0,82.67,148730.0
2021-10-28,19.75,19.75,18.45,18.85,191409,EQ,10963.0,17.46,72089.0
2021-10-29,18.75,19.05,17.95,17.95,160472,EQ,1971.0,81.42,112711.0
2021-11-01,17.65,18.85,17.65,18.85,57973,EQ,913.0,63.5,44770.0
2021-11-02,19.15,19.75,19.1,19.75,112976,EQ,1328.0,85.07,72867.0
2021-11-03,20.45,20.75,20.15,20.75,46075,EQ,262.0,175.86,39760.0
2021-11-04,21.75,21.75,21.15,21.55,56979,EQ,262.0,217.48,39760.0
2021-11-08,22.4,22.55,20.6,21.05,132852,EQ,1780.0,74.64,98431.0
2021-11-09,20.55,22.05,20.45,22.05,67159,EQ,630.0,106.6,57199.0
2021-11-10,23.1,23.2,22.4,23.2,217960,EQ,1460.0,149.29,160176.0
2021-11-11,24.05,24.05,22.1,22.25,155335,EQ,2404.0,64.62,120957.0
2021-11-12,22.35,22.75,21.45,21.85,72046,EQ,1204.0,59.84,55309.0
2021-11-15,22.65,23.0,21.65,23.0,47944,EQ,886.0,54.11,41012.0
2021-11-16,23.85,24.15,23.45,23.75,143939,EQ,1367.0,105.3,107140.0
2021-11-17,24.1,24.45,22.75,22.95,103792,EQ,2293.0,45.26,72224.0
2021-11-18,22.85,23.65,22.35,23.35,66096,EQ,2992.0,22.09,36359.0
2021-11-22,23.65,23.65,22.45,22.55,53977,EQ,1497.0,36.06,32592.0
2021-11-23,22.5,23.65,22.2,23.65,55120,EQ,950.0,58.02,34485.0
2021-11-24,24.25,24.85,24.05,24.85,35369,EQ,189.0,187.14,31588.0
2021-11-25,26.1,26.1,25.55,26.1,58805,EQ,390.0,150.78,49064.0
2021-11-26,26.2,27.4,26.05,27.35,144014,EQ,2592.0,55.56,97304.0
2021-11-29,27.75,28.35,26.0,26.0,90241,EQ,1433.0,62.97,64485.0
2021-11-30,25.55,27.3,25.0,26.55,63585,EQ,1342.0,47.38,39634.0
2021-12-01,27.2,27.85,26.15,27.6,54625,EQ,2116.0,25.82,32071.0
2021-12-02,28.45,28.95,27.85,28.95,111417,EQ,923.0,120.71,72020.0
2021-12-03,30.0,30.4,29.6,30.4,53606,EQ,370.0,144.88,46598.0
2021-12-06,31.45,31.55,28.85,29.05,120540,EQ,2903.0,41.52,72090.0
2021-12-07,29.65,30.55,28.25,30.55,88523,EQ,1785.0,49.59,58398.0
2021-12-08,31.65,32.05,31.1,32.05,70619,EQ,1140.0,61.95,51750.0
2021-12-09,33.55,33.65,31.65,33.65,116418,EQ,2204.0,52.82,74162.0
2021-12-10,35.0,35.35,34.95,35.35,28970,EQ,209.0,138.61,23805.0
2021-12-13,36.65,37.1,36.1,37.05,235377,EQ,2781.0,84.64,124875.0
2021-12-14,37.65,37.65,35.2,35.2,52806,EQ,1029.0,51.32,41073.0
2021-12-15,33.4,35.0,33.4,33.45,174835,EQ,3862.0,45.27,92947.0
2021-12-16,35.0,35.1,31.75,31.85,129677,EQ,4042.0,32.08,64206.0
2021-12-17,33.0,33.4,32.0,33.4,84662,EQ,2026.0,41.79,50260.0
2021-12-20,33.75,33.75,31.75,31.75,102543,EQ,1764.0,58.13,54904.0
2021-12-21,31.9,33.35,31.65,32.75,47532,EQ,1606.0,29.6,25094.0
2021-12-22,33.75,34.1,31.75,32.1,52197,EQ,3231.0,16.16,26466.0
2021-12-23,32.75,33.75,31.75,33.75,65750,EQ,2246.0,29.27,41782.0
2021-12-24,34.75,35.4,33.65,35.4,100142,EQ,4814.0,20.8,57814.0
2021-12-27,36.55,37.2,35.75,37.2,108674,EQ,2449.0,44.37,66072.0
2021-12-28,38.65,38.75,35.65,36.05,109108,EQ,4909.0,22.23,71331.0
2021-12-29,35.1,37.1,34.25,34.25,70340,EQ,2456.0,28.64,51119.0
2021-12-30,35.4,36.0,34.75,35.75,108381,EQ,3025.0,35.83,50710.0
2021-12-31,35.55,36.0,34.6,35.6,58585,EQ,5178.0,11.31,30892.0
2022-01-03,36.65,36.75,35.2,36.4,60131,EQ,1969.0,30.54,42970.0
2022-01-04,36.85,38.2,35.75,38.2,112169,EQ,3681.0,30.47,78660.0
2022-01-05,39.05,40.1,38.85,40.1,69126,EQ,1817.0,38.04,49514.0
2022-01-06,41.75,42.1,40.25,42.1,94906,EQ,925.0,102.6,68968.0
2022-01-07,44.2,44.2,43.65,44.2,46948,EQ,488.0,96.2,33527.0
2022-01-10,46.45,46.45,44.3,46.45,105862,EQ,2364.0,44.78,66124.0
2022-01-11,48.75,48.75,44.1,44.1,231221,EQ,6279.0,36.82,138297.0
2022-01-12,44.25,46.2,41.95,45.15,262026,EQ,9388.0,27.91,147768.0
2022-01-13,46.2,46.2,43.45,45.75,85178,EQ,4924.0,17.3,39030.0
2022-01-14,46.25,48.05,45.2,48.05,69787,EQ,1418.0,49.22,53262.0
2022-01-17,50.45,50.45,50.45,50.45,42853,EQ,188.0,227.94,37745.0
2022-01-18,52.95,52.95,50.2,51.25,291422,EQ,8006.0,36.4,151194.0
2022-01-19,52.1,52.1,48.7,50.05,163983,EQ,6543.0,25.06,91875.0
2022-01-20,51.65,52.55,51.1,52.2,117430,EQ,2787.0,42.13,68249.0
2022-01-21,52.2,52.2,49.75,50.1,61475,EQ,4418.0,13.91,33563.0
2022-01-24,50.75,51.55,47.55,47.75,99554,EQ,5012.0,19.86,65994.0
2022-01-25,47.75,50.2,45.45,50.2,117934,EQ,3768.0,31.3,78835.0
2022-01-27,51.55,52.65,50.35,52.65,100983,EQ,3115.0,32.42,69317.0
2022-01-28,53.85,55.3,53.55,55.3,49763,EQ,726.0,68.54,33721.0
2022-01-31,58.05,58.05,53.35,55.05,220607,EQ,10711.0,20.6,141437.0
2022-02-01,55.55,56.25,52.3,52.3,186033,EQ,6765.0,27.5,133658.0
2022-02-02,52.05,54.95,51.35,54.95,85138,EQ,2941.0,28.95,51565.0
2022-02-03,56.1,56.2,52.85,53.35,75317,EQ,7592.0,9.92,38999.0
2022-02-04,54.45,54.45,51.85,53.75,38053,EQ,2549.0,14.93,18595.0
2022-02-07,55.6,55.6,51.55,52.3,101700,EQ,3942.0,25.8,74039.0
2022-02-08,52.2,53.35,49.65,50.25,167136,EQ,3838.0,43.55,105761.0
2022-02-09,51.85,52.75,50.65,51.1,135077,EQ,7243.0,18.65,78241.0
2022-02-10,51.45,51.45,48.85,49.4,50003,EQ,5128.0,9.75,25933.0
2022-02-11,48.85,51.65,47.25,50.95,73905,EQ,5648.0,13.09,34401.0
2022-02-14,49.0,51.0,48.4,48.55,97385,EQ,5011.0,19.43,55644.0
2022-02-15,48.55,50.0,46.75,47.6,41702,EQ,3476.0,12.0,24438.0
2022-02-16,48.55,49.95,48.45,49.8,66763,EQ,1546.0,43.18,31565.0
2022-02-17,50.55,50.85,48.55,48.85,44085,EQ,1679.0,26.26,29327.0
2022-02-18,47.55,49.4,47.55,48.05,26789,EQ,1192.0,22.47,14853.0
2022-02-21,46.75,47.15,45.65,45.65,103234,EQ,2026.0,50.95,71000.0
2022-02-22,43.4,44.35,43.4,43.4,96221,EQ,1675.0,57.45,51773.0
2022-02-23,43.55,44.35,42.4,43.35,74371,EQ,3328.0,22.35,49401.0
2022-02-24,41.4,42.15,41.2,41.2,50278,EQ,1258.0,39.97,29809.0
2022-02-25,41.65,43.25,41.65,43.25,26048,EQ,516.0,50.48,20028.0
2022-02-28,43.35,45.4,41.85,45.4,45807,EQ,1350.0,33.93,24186.0
2022-03-02,45.55,47.55,43.35,44.15,90166,EQ,2879.0,31.32,54068.0
2022-03-03,45.55,46.35,44.65,46.35,74098,EQ,1506.0,49.2,44810.0
2022-03-04,46.1,47.8,44.75,46.75,95941,EQ,3509.0,27.34,60386.0
2022-03-07,45.0,45.4,44.4,44.8,58019,EQ,,,
2022-03-08,44.85,46.3,43.7,45.6,27840,EQ,1188.0,23.43,14119.0
2022-03-09,46.45,47.85,46.0,47.75,59441,EQ,1922.0,30.93,37374.0
2022-03-10,48.55,50.1,47.0,48.85,96530,EQ,3196.0,30.2,56512.0
2022-03-11,48.35,51.0,48.35,50.55,56293,EQ,1487.0,37.86,36235.0
2022-03-14,51.0,52.2,50.65,51.4,130165,EQ,5256.0,24.77,73071.0
2022-03-15,52.45,52.55,49.55,50.05,76375,EQ,4456.0,17.14,44083.0
2022-03-16,51.1,52.2,50.15,51.15,43127,EQ,3491.0,12.35,15184.0
2022-03-17,52.2,52.45,49.75,50.85,82413,EQ,2833.0,29.09,60583.0
2022-03-21,51.65,51.85,49.05,49.95,44174,EQ,2864.0,15.42,25041.0
2022-03-22,49.0,51.65,48.6,48.95,55901,EQ,2849.0,19.62,34988.0
2022-03-23,49.05,50.0,48.0,48.4,62624,EQ,4340.0,14.43,28682.0
2022-03-24,48.0,50.85,47.75,50.85,99626,EQ,4515.0,22.07,47032.0
2022-03-25,51.4,53.4,50.2,53.4,89922,EQ,2732.0,32.91,54568.0
2022-03-28,54.45,56.05,52.2,55.95,203461,EQ,11361.0,17.91,112281.0
2022-03-29,57.75,58.75,56.45,58.75,77498,EQ,5201.0,14.9,43299.0
2022-03-30,61.75,61.75,60.55,61.75,59455,EQ,638.0,93.19,40363.0
2022-03-31,61.65,64.75,58.85,61.75,281046,EQ,21642.0,12.99,113057.0
2022-04-01,62.85,63.65,59.1,60.35,89689,EQ,9349.0,9.59,44981.0
2022-04-04,60.55,62.0,59.35,60.45,65757,EQ,3680.0,17.87,39214.0
2022-04-05,61.1,61.1,59.6,60.1,40403,EQ,1510.0,26.76,24949.0
2022-04-06,59.1,60.55,59.1,59.75,25413,EQ,1308.0,19.43,17812.0
2022-04-07,60.3,61.1,58.35,58.85,48644,EQ,3167.0,15.36,27412.0
2022-04-08,58.85,61.0,58.65,58.95,46082,EQ,2537.0,18.16,27895.0
2022-04-11,59.75,59.95,58.45,58.75,42686,EQ,3515.0,12.14,18909.0
2022-04-12,58.65,61.75,57.0,60.6,112777,EQ,4905.0,22.99,62194.0
2022-04-13,60.55,61.65,57.55,58.95,74523,EQ,4123.0,18.07,47646.0
2022-04-18,59.95,59.95,56.75,57.25,73080,EQ,3751.0,19.48,49112.0
2022-04-19,59.35,60.1,56.85,57.65,87306,EQ,4211.0,20.73,39863.0
2022-04-20,57.2,58.75,56.55,57.05,60651,EQ,4492.0,13.5,36963.0
2022-04-21,58.05,58.35,57.05,57.3,30424,EQ,2074.0,14.67,16703.0
2022-04-22,57.55,59.55,57.2,58.7,63167,EQ,6400.0,9.87,24755.0
2022-04-25,58.85,61.55,57.65,60.95,94027,EQ,7584.0,12.4,46082.0
2022-04-26,62.2,63.0,59.45,60.55,92455,EQ,11646.0,7.94,38329.0
2022-04-27,62.1,62.1,57.95,59.2,43131,EQ,2918.0,14.78,20828.0
2022-04-28,60.1,60.3,58.25,58.65,29189,EQ,1506.0,19.38,21213.0
2022-04-29,59.25,59.35,58.45,58.75,22295,EQ,1347.0,16.55,16905.0
2022-05-02,59.0,59.4,57.2,57.65,55614,EQ,5282.0,10.53,30516.0
2022-05-04,54.8,56.1,54.75,54.75,77401,EQ,1470.0,52.65,58357.0
2022-05-05,53.35,54.25,52.05,52.05,57076,EQ,1019.0,56.01,42344.0
2022-05-06,49.65,51.45,49.45,49.6,151704,EQ,2957.0,51.3,92998.0
2022-05-09,47.45,48.95,47.1,47.15,97070,EQ,5630.0,17.24,45595.0
2022-05-10,46.0,46.55,44.8,44.8,97077,EQ,1686.0,57.58,61350.0
2022-05-12,45.55,47.2,45.45,47.2,94331,EQ,6051.0,15.59,49922.0
2022-05-13,48.65,49.55,47.85,49.55,46383,EQ,3992.0,11.62,21032.0
2022-05-16,51.1,52.05,50.05,52.05,67741,EQ,3070.0,22.07,42302.0
2022-05-17,53.65,54.65,50.1,53.65,117736,EQ,4662.0,25.25,67910.0
2022-05-18,53.35,54.4,51.1,51.85,97600,EQ,7280.0,13.41,44441.0
2022-05-19,49.85,51.1,49.25,49.45,55588,EQ,6403.0,8.68,21715.0
2022-05-20,49.85,51.75,49.85,50.25,43671,EQ,6113.0,7.14,7665.0
2022-05-23,51.55,52.65,50.25,51.25,72730,EQ,5578.0,13.04,35918.0
2022-05-24,52.2,52.2,48.75,49.2,59037,EQ,5441.0,10.85,28098.0
2022-05-25,50.45,50.45,46.75,46.95,42467,EQ,5266.0,8.06,13708.0
2022-05-26,47.65,47.65,45.2,46.8,40917,EQ,4396.0,9.31,16889.0
2022-05-27,47.65,48.55,45.75,48.1,26597,EQ,3032.0,8.77,9594.0
2022-05-30,48.45,50.2,48.45,49.6,28252,EQ,2378.0,11.88,14183.0
2022-05-31,50.45,51.4,48.85,50.6,43900,EQ,5293.0,8.29,10261.0
2022-06-01,50.75,51.85,49.6,49.95,75162,EQ,4804.0,15.65,46321.0
2022-06-02,50.75,52.45,49.65,52.15,101889,EQ,5360.0,19.01,50706.0
2022-06-03,53.45,53.45,51.55,51.75,43837,EQ,2367.0,18.52,28626.0
2022-06-06,50.95,52.15,50.55,51.45,53442,EQ,3557.0,15.02,27787.0
2022-06-07,52.1,52.1,49.75,50.3,62567,EQ,4888.0,12.8,36778.0
2022-06-08,51.0,58.75,50.1,57.45,468509,EQ,27807.0,16.85,188120.0
2022-06-09,58.65,64.95,58.35,62.05,780362,EQ,37688.0,20.71,174407.0
2022-06-10,61.75,68.25,56.85,66.6,635022,EQ,30140.0,21.07,168063.0
2022-06-13,66.3,71.55,61.15,62.4,1017712,EQ,48312.0,21.07,277777.0
2022-06-14,63.85,71.0,63.65,69.25,874138,EQ,46537.0,18.78,204361.0
2022-06-15,72.65,78.65,70.65,77.95,1440751,EQ,73211.0,19.68,269840.0
2022-06-16,80.45,83.2,71.4,74.8,1207013,EQ,65374.0,18.46,257472.0
2022-06-17,75.45,81.1,72.45,80.0,804116,EQ,36581.0,21.98,169261.0
2022-06-20,83.0,86.65,73.95,77.45,709970,EQ,49512.0,14.34,159751.0
2022-06-21,79.1,82.75,72.2,79.55,569467,EQ,32545.0,17.5,116837.0
2022-06-22,79.45,82.15,77.9,79.15,328627,EQ,25768.0,12.75,90154.0
2022-06-23,79.4,81.45,75.55,76.35,275971,EQ,21903.0,12.6,65381.0
2022-06-24,77.45,78.3,72.45,73.0,235210,EQ,13061.0,18.01,90801.0
2022-06-27,74.55,75.55,69.15,69.6,329058,EQ,22583.0,14.57,100759.0
2022-06-28,69.8,74.45,68.4,73.85,419016,EQ,20249.0,20.69,88547.0
2022-06-29,73.65,77.15,72.45,73.65,304816,EQ,16385.0,18.6,66894.0
2022-06-30,73.55,75.4,72.35,73.15,114012,EQ,7470.0,15.26,43253.0
2022-07-01,73.25,74.2,70.65,71.9,106743,EQ,6504.0,16.41,32880.0
2022-07-04,72.0,76.6,72.0,76.05,237330,EQ,13227.0,17.94,81477.0
2022-07-05,77.15,78.65,73.4,74.95,169830,EQ,9903.0,17.15,54324.0
2022-07-06,77.45,87.0,76.95,85.6,1197453,EQ,51649.0,23.18,254057.0
2022-07-07,88.0,89.85,85.2,86.55,656537,EQ,36799.0,17.84,183165.0
2022-07-08,86.55,87.35,82.55,83.6,264675,EQ,14237.0,18.59,90319.0
2022-07-11,80.65,83.55,78.15,78.85,261260,EQ,16942.0,15.42,98997.0
2022-07-12,80.05,85.95,79.45,83.25,512124,EQ,25171.0,20.35,106869.0
2022-07-13,84.1,84.3,79.15,79.65,257316,EQ,12024.0,21.4,123553.0
2022-07-14,80.4,82.95,77.8,80.0,305582,EQ,15943.0,19.17,60581.0
2022-07-15,80.75,81.05,77.25,78.25,186403,EQ,11116.0,16.77,70011.0
2022-07-18,79.45,84.45,79.35,83.55,468940,EQ,22629.0,20.72,143633.0
2022-07-19,83.15,83.5,80.65,81.25,173007,EQ,9526.0,18.16,66379.0
2022-07-20,82.0,84.8,81.25,81.95,174269,EQ,8304.0,20.99,55855.0
2022-07-21,82.05,82.85,79.8,80.55,139372,EQ,7022.0,19.85,57428.0
2022-07-22,80.8,81.65,78.45,78.95,133809,EQ,7221.0,18.53,60842.0
2022-07-25,79.3,81.15,78.2,79.6,135619,EQ,8259.0,16.42,47183.0
2022-07-26,79.65,82.65,78.15,78.6,143485,EQ,7249.0,19.79,44589.0
2022-07-27,78.95,80.0,75.85,76.8,126175,EQ,6884.0,18.33,57230.0
2022-07-28,78.3,78.3,74.45,75.2,128582,EQ,8359.0,15.38,55516.0
2022-07-29,76.1,78.05,75.65,76.45,118122,EQ,6310.0,18.72,38943.0
2022-08-01,77.0,78.75,75.65,76.85,129915,EQ,6918.0,18.78,49167.0
2022-08-02,77.15,77.85,76.2,76.75,78322,EQ,5369.0,14.59,29454.0
2022-08-03,76.15,77.2,73.8,74.75,88367,EQ,6211.0,14.23,34656.0
2022-08-04,75.15,76.25,72.85,73.75,90833,EQ,6762.0,13.43,37154.0
2022-08-05,74.15,75.85,73.3,74.35,81031,EQ,5307.0,15.27,31984.0
2022-08-08,74.45,80.35,74.45,78.85,280242,EQ,,,
2022-08-10,79.8,82.0,77.85,81.45,282113,EQ,13013.0,21.68,148531.0
2022-08-11,82.0,82.0,79.45,80.45,219116,EQ,12571.0,17.43,83991.0
2022-08-12,80.65,81.8,79.85,80.75,168480,EQ,7826.0,21.53,90085.0
2022-08-16,91.15,93.0,87.55,89.6,710731,EQ,31958.0,22.24,267885.0
2022-08-17,87.85,89.95,85.0,85.6,287339,EQ,16773.0,17.13,115683.0
2022-08-18,87.15,95.55,84.8,94.15,746875,EQ,35496.0,21.04,190853.0
2022-08-19,95.6,99.8,94.55,97.05,606092,EQ,27962.0,21.68,157052.0
2022-08-22,97.0,97.0,90.85,91.65,210483,EQ,12724.0,16.54,123610.0
2022-08-23,91.15,93.55,90.2,92.25,146234,EQ,8931.0,16.37,60946.0
2022-08-24,92.3,94.05,90.35,90.7,143339,EQ,9048.0,15.84,75756.0
2022-08-25,91.85,99.85,89.5,98.55,703698,EQ,27116.0,25.95,235921.0
2022-08-26,100.85,100.85,92.8,96.8,261668,EQ,15446.0,16.94,95354.0
2022-08-29,92.45,104.35,90.0,102.2,560997,EQ,22744.0,24.67,149230.0
2022-08-30,104.2,106.15,101.15,102.15,283095,EQ,13778.0,20.55,105409.0
2022-09-01,103.2,104.45,101.25,102.3,139599,EQ,6785.0,20.57,67965.0
2022-09-02,102.8,103.75,98.55,99.25,109305,EQ,6688.0,16.34,60133.0
2022-09-05,100.65,104.15,96.8,101.95,212170,EQ,11508.0,18.44,83246.0
2022-09-06,102.35,103.1,99.0,100.4,107135,EQ,6997.0,15.31,53395.0
2022-09-07,100.0,102.75,99.25,101.2,88403,EQ,5882.0,15.03,40466.0
2022-09-08,102.65,106.65,101.4,104.8,316945,EQ,12386.0,25.59,137843.0
2022-09-09,105.85,106.85,100.6,101.35,190284,EQ,9960.0,19.1,94188.0
2022-09-12,102.85,103.15,99.15,100.0,116690,EQ,7478.0,15.6,67402.0
2022-09-13,100.45,102.0,97.85,99.85,131281,EQ,8027.0,16.35,64046.0
2022-09-14,97.85,99.85,89.15,97.15,184106,EQ,9967.0,18.47,73959.0
2022-09-15,100.85,102.65,98.85,100.15,154773,EQ,7707.0,20.08,62799.0
2022-09-16,100.4,100.4,97.2,98.55,96771,EQ,5358.0,18.06,55952.0
2022-09-19,98.75,98.95,95.85,96.25,61333,EQ,3963.0,15.48,34932.0
2022-09-20,97.35,99.0,94.65,95.65,64791,EQ,5137.0,12.61,31851.0
2022-09-21,96.05,97.55,94.55,95.2,50024,EQ,4208.0,11.89,23116.0
2022-09-22,97.25,99.8,96.55,98.95,136621,EQ,8625.0,15.84,53336.0
2022-09-23,99.55,100.45,97.95,98.6,86731,EQ,5721.0,15.16,43551.0
2022-09-26,98.6,98.8,92.85,93.9,101250,EQ,7353.0,13.77,60954.0
2022-09-27,94.0,95.8,93.0,94.25,46911,EQ,3788.0,12.38,21279.0
2022-09-28,93.85,99.15,93.85,97.25,111678,EQ,7039.0,15.87,40495.0
2022-09-29,98.85,100.35,95.55,96.25,64611,EQ,4209.0,15.35,25439.0
2022-09-30,95.8,96.85,95.0,95.8,35721,EQ,2960.0,12.07,18099.0
2022-10-03,95.55,97.05,93.85,94.45,41952,EQ,3568.0,11.76,19750.0
2022-10-04,96.0,98.2,94.65,95.65,52989,EQ,4151.0,12.77,23830.0
2022-10-06,97.15,99.8,96.0,98.95,65117,EQ,4869.0,13.37,32778.0
2022-10-07,98.65,103.85,97.8,101.6,129110,EQ,8093.0,15.95,67162.0
2022-10-10,100.85,100.85,98.45,99.35,59216,EQ,4319.0,13.71,37201.0
2022-10-11,98.8,100.3,95.8,96.3,74716,EQ,5075.0,14.72,43026.0
2022-10-12,96.35,97.0,93.55,94.95,69763,EQ,5501.0,12.68,40883.0
2022-10-13,95.45,96.45,93.55,94.55,42739,EQ,3809.0,11.22,22621.0
2022-10-14,96.05,98.8,95.35,95.7,99216,EQ,7511.0,13.21,41019.0
2022-10-17,96.35,96.65,94.25,94.75,57096,EQ,4893.0,11.67,30846.0
2022-10-18,95.85,101.15,94.8,100.15,237525,EQ,12353.0,19.23,85674.0
2022-10-19,103.2,103.75,96.85,98.6,240658,EQ,16246.0,14.81,94454.0
2022-10-20,98.65,98.85,94.85,96.15,81306,EQ,5827.0,13.95,46306.0
2022-10-21,96.55,97.4,94.45,94.65,70416,EQ,5760.0,12.22,37216.0
2022-10-24,96.55,96.55,93.85,94.65,27788,EQ,2301.0,12.08,17527.0
2022-10-25,95.6,96.0,83.35,85.3,418187,EQ,22220.0,18.82,252830.0
2022-10-27,82.2,87.2,82.2,84.55,156258,EQ,10264.0,15.22,67279.0
2022-10-28,85.55,86.35,82.35,83.2,88441,EQ,6314.0,14.01,45614.0
2022-10-31,84.0,84.75,76.65,79.25,291151,EQ,15905.0,18.31,186494.0
2022-11-01,80.0,81.65,77.05,79.75,185828,EQ,11943.0,15.56,96112.0
2022-11-02,80.65,82.05,80.15,81.2,86707,EQ,6034.0,14.37,37821.0
2022-11-03,80.85,81.0,79.0,79.6,49792,EQ,4590.0,10.85,32400.0
2022-11-04,79.75,80.05,76.95,78.25,91560,EQ,5871.0,15.6,56940.0
2022-11-07,78.35,83.8,78.15,82.2,117315,EQ,7670.0,15.3,70310.0
2022-11-09,83.45,93.65,82.8,92.7,440980,EQ,23176.0,19.03,154403.0
2022-11-10,92.95,94.95,89.65,93.35,182817,EQ,10994.0,16.63,69305.0
2022-11-11,94.4,94.4,90.45,91.05,91934,EQ,6199.0,14.83,42471.0
2022-11-14,91.05,92.45,88.45,91.65,90091,EQ,6478.0,13.91,40627.0
2022-11-15,91.8,95.35,91.2,92.4,97767,EQ,6478.0,15.09,40627.0
2022-11-16,93.55,94.35,91.55,92.65,70624,EQ,3730.0,18.93,38006.0
2022-11-17,93.35,93.35,90.7,91.3,44389,EQ,2170.0,20.46,15877.0
2022-11-18,91.2,92.15,90.15,90.95,41228,EQ,3231.0,12.76,22198.0
2022-11-21,91.65,97.2,91.15,95.35,168747,EQ,10261.0,16.45,81086.0
2022-11-22,96.15,96.45,92.9,93.25,46957,EQ,4134.0,11.36,21714.0
2022-11-23,93.55,96.85,92.8,94.6,77769,EQ,5643.0,13.78,33632.0
2022-11-24,94.95,101.95,93.95,100.05,442771,EQ,20394.0,21.71,124928.0
2022-11-25,100.8,103.0,100.0,100.75,197119,EQ,10702.0,18.42,81568.0
2022-11-28,101.35,102.55,99.8,100.6,80810,EQ,5566.0,14.52,37818.0
2022-11-29,101.05,101.55,100.0,100.55,57351,EQ,3448.0,16.63,27175.0
2022-11-30,101.65,106.45,101.65,105.85,380467,EQ,16528.0,23.02,168598.0
2022-12-01,108.35,108.35,102.2,102.95,312102,EQ,15293.0,20.41,129294.0
2022-12-02,102.85,103.15,100.7,101.35,102863,EQ,6247.0,16.47,49368.0
2022-12-05,101.9,103.2,100.6,100.95,77222,EQ,5062.0,15.26,39343.0
2022-12-06,100.2,101.95,98.35,99.55,93864,EQ,5984.0,15.69,48626.0
2022-12-07,100.2,105.6,98.8,104.05,177412,EQ,11798.0,15.04,80788.0
2022-12-08,104.0,104.35,101.45,102.05,51151,EQ,3962.0,12.91,22805.0
2022-12-09,102.45,102.45,99.45,99.85,61822,EQ,5587.0,11.07,34444.0
2022-12-12,99.85,102.2,98.8,100.6,48001,EQ,4410.0,10.88,20506.0
2022-12-13,102.2,102.85,101.15,102.2,46543,EQ,4290.0,10.85,19932.0
2022-12-14,102.8,102.85,100.4,100.65,36518,EQ,3311.0,11.03,19632.0
2022-12-15,100.85,103.15,100.6,102.25,98526,EQ,6730.0,14.64,42695.0
2022-12-16,102.45,104.0,101.3,103.0,128973,EQ,7188.0,17.94,63537.0
2022-12-19,103.05,106.95,103.05,104.65,167732,EQ,8615.0,19.47,82023.0
2022-12-20,105.25,105.45,101.8,102.75,63473,EQ,4735.0,13.41,32639.0
2022-12-21,103.35,104.6,97.2,97.75,126631,EQ,9477.0,13.36,63767.0
2022-12-22,99.45,100.2,92.8,93.6,122094,EQ,11574.0,10.55,60780.0
2022-12-23,91.15,92.2,87.2,87.95,90253,EQ,8501.0,10.62,48406.0
2022-12-26,88.35,94.65,83.55,94.15,130806,EQ,10575.0,12.37,43898.0
2022-12-27,94.8,97.65,94.65,96.95,63697,EQ,5628.0,11.32,27080.0
2022-12-28,97.15,98.55,95.8,97.25,39134,EQ,3920.0,9.98,16687.0
2022-12-29,97.15,97.45,95.05,95.55,36128,EQ,3587.0,10.07,15938.0
2022-12-30,96.45,98.25,95.85,97.15,28931,EQ,3128.0,9.25,13727.0
2023-01-02,97.8,101.0,97.55,100.35,41743,EQ,4146.0,10.07,18814.0
2023-01-03,100.45,102.0,100.0,100.6,33544,EQ,4259.0,7.88,16157.0
2023-01-04,100.85,101.55,98.85,99.65,34912,EQ,3621.0,9.64,15899.0
2023-01-05,100.2,103.15,99.25,101.4,72032,EQ,6077.0,11.85,27874.0
2023-01-06,101.65,102.6,100.0,100.85,56856,EQ,4626.0,12.29,26812.0
2023-01-09,101.35,102.05,99.65,100.25,32900,EQ,3676.0,8.95,16929.0
2023-01-10,100.35,101.0,99.45,99.85,24151,EQ,2517.0,9.6,13246.0
2023-01-11,100.3,100.65,97.25,97.85,33900,EQ,3773.0,8.98,19180.0
2023-01-12,98.25,98.65,94.35,95.4,77947,EQ,6951.0,11.21,42955.0
2023-01-13,95.75,96.55,95.0,95.35,42082,EQ,3982.0,10.57,22859.0
2023-01-16,97.45,97.45,95.0,96.15,92696,EQ,6501.0,14.26,60878.0
2023-01-17,96.45,99.8,87.8,98.15,176353,EQ,12397.0,14.23,73861.0
2023-01-18,102.2,105.35,100.45,101.45,333275,EQ,16553.0,20.13,101410.0
2023-01-19,101.55,101.55,97.8,98.95,86830,EQ,6479.0,13.4,36069.0
2023-01-20,99.95,100.25,95.6,96.15,48873,EQ,3944.0,12.39,21201.0
2023-01-23,96.15,96.35,93.55,94.0,48090,EQ,3867.0,12.44,22227.0
2023-01-24,93.6,101.7,92.75,100.15,139832,EQ,10128.0,13.81,47740.0
2023-01-25,100.0,102.65,100.0,100.25,84940,EQ,5239.0,16.21,39575.0
2023-01-27,100.8,100.8,93.35,94.15,113512,EQ,7943.0,14.29,58523.0
2023-01-30,94.2,100.75,92.25,94.85,149240,EQ,12522.0,11.92,47734.0
2023-01-31,96.65,106.45,95.55,105.35,555039,EQ,18672.0,29.73,199594.0
2023-02-01,106.0,110.65,98.9,100.1,631992,EQ,25084.0,25.2,246083.0
2023-02-02,99.95,106.65,98.7,105.85,288259,EQ,12390.0,23.27,127204.0
2023-02-03,106.45,108.15,101.15,103.05,238223,EQ,11478.0,20.75,96029.0
2023-02-06,103.15,110.2,102.25,108.8,535330,EQ,15878.0,33.72,260843.0
2023-02-07,110.55,113.35,108.65,109.05,770195,EQ,20548.0,37.48,343639.0
2023-02-08,109.95,110.65,105.15,109.45,269437,EQ,10516.0,25.62,100320.0
2023-02-09,108.85,110.5,107.75,108.95,127449,EQ,6105.0,20.88,51452.0
2023-02-10,108.8,109.85,105.55,105.85,166153,EQ,7990.0,20.8,84113.0
2023-02-13,106.65,106.85,100.45,101.5,239763,EQ,11052.0,21.69,127161.0
2023-02-14,102.05,104.0,93.15,95.55,237645,EQ,11629.0,20.44,116679.0
2023-02-15,95.85,100.85,93.85,99.3,232197,EQ,9143.0,25.4,97489.0
2023-02-16,99.3,101.65,99.2,101.0,126312,EQ,4823.0,26.19,72047.0
2023-02-17,100.0,101.75,98.75,100.2,93094,EQ,4141.0,22.48,49159.0
2023-02-20,100.65,100.7,96.45,96.95,91452,EQ,5876.0,15.56,49894.0
2023-02-21,97.8,98.85,96.05,96.7,75523,EQ,4313.0,17.51,40683.0
2023-02-22,96.15,98.65,94.5,95.2,124924,EQ,5339.0,23.4,85126.0
2023-02-23,95.6,97.65,94.0,95.55,86582,EQ,5108.0,16.95,40269.0
2023-02-24,95.95,98.3,94.65,97.7,96007,EQ,5566.0,17.25,53851.0
2023-02-27,98.2,98.45,94.5,95.85,72537,EQ,5712.0,12.7,38798.0
2023-02-28,96.35,96.85,95.15,96.25,63939,EQ,3983.0,16.05,34023.0
2023-03-01,95.55,98.2,95.45,95.8,82507,EQ,4441.0,18.58,50318.0
2023-03-02,94.65,98.2,94.65,97.55,64944,EQ,3219.0,20.18,42773.0
2023-03-03,98.85,99.25,96.7,97.6,110328,EQ,6145.0,17.95,65186.0
2023-03-06,98.85,99.65,95.55,96.2,107105,EQ,7492.0,14.3,48488.0
2023-03-08,96.0,102.85,95.75,101.8,412947,EQ,19424.0,21.26,114718.0
2023-03-09,102.3,103.65,100.45,101.2,142649,EQ,6992.0,20.4,57913.0
2023-03-10,101.05,103.45,100.0,100.65,201752,EQ,13928.0,14.49,57355.0
2023-03-13,100.85,100.85,96.0,96.8,137093,EQ,7337.0,18.69,52910.0
2023-03-14,97.2,98.85,94.45,95.05,93047,EQ,4926.0,18.89,36597.0
2023-03-15,95.55,100.55,95.55,98.6,214372,EQ,11751.0,18.24,62495.0
2023-03-16,99.2,99.2,96.45,96.85,79903,EQ,6332.0,12.62,32995.0
2023-03-17,97.55,98.95,95.85,96.85,64730,EQ,4964.0,13.04,24496.0
2023-03-20,95.95,98.7,94.85,95.95,137181,EQ,8949.0,15.33,34680.0
2023-03-21,95.95,97.05,95.3,96.5,79298,EQ,4443.0,17.85,42246.0
2023-03-22,96.95,99.1,96.45,97.05,169968,EQ,14864.0,11.43,31070.0
2023-03-23,97.2,98.85,96.0,96.3,151693,EQ,14007.0,10.83,32391.0
2023-03-24,96.3,97.95,94.85,95.45,211165,EQ,12082.0,17.48,40983.0
2023-03-27,95.75,95.85,90.65,91.6,148782,EQ,10482.0,14.19,59519.0
2023-03-28,91.65,92.6,86.65,87.55,207921,EQ,12468.0,16.68,88895.0
2023-03-29,86.85,95.05,86.8,92.8,293151,EQ,16578.0,17.68,76871.0
2023-03-31,94.75,97.15,91.85,92.8,231095,EQ,12452.0,18.56,46154.0
2023-04-03,93.55,96.3,92.95,94.85,129244,EQ,8727.0,14.81,46960.0
2023-04-05,95.15,98.8,95.15,97.35,228495,EQ,11483.0,19.9,89164.0
2023-04-06,96.65,98.65,96.45,97.3,100268,EQ,6345.0,15.8,34307.0
2023-04-10,97.95,98.65,96.5,96.95,90380,EQ,6789.0,13.31,32194.0
2023-04-11,96.95,98.2,95.6,97.25,125431,EQ,5835.0,21.5,53264.0
2023-04-12,97.35,101.95,97.35,98.85,239955,EQ,10138.0,23.67,97585.0
2023-04-13,99.35,103.1,98.9,100.05,155821,EQ,7486.0,20.81,70274.0
2023-04-17,100.05,104.65,98.95,103.35,209452,EQ,8122.0,25.79,110752.0
2023-04-18,104.45,107.15,103.35,106.35,296415,EQ,10763.0,27.54,107412.0
2023-04-19,106.6,111.0,106.55,109.7,434767,EQ,14813.0,29.35,158497.0
2023-04-20,109.65,111.15,107.35,110.85,373631,EQ,13890.0,26.9,143172.0
2023-04-21,111.15,114.55,109.15,110.75,478647,EQ,18927.0,25.29,156180.0
2023-04-24,111.0,112.4,106.45,107.55,280865,EQ,10942.0,25.67,110463.0
2023-04-25,107.65,110.8,106.85,108.05,181121,EQ,9999.0,18.11,46463.0
2023-04-26,108.9,110.4,108.05,108.8,220646,EQ,9555.0,23.09,53461.0
2023-04-27,109.15,114.2,109.15,113.05,400261,EQ,15732.0,25.44,163837.0
2023-04-28,113.95,113.95,109.35,112.45,314800,EQ,12644.0,24.9,108721.0
2023-05-02,113.1,113.95,110.0,110.65,147629,EQ,7616.0,19.38,70297.0
2023-05-03,110.0,110.5,107.15,107.65,127063,EQ,6810.0,18.66,66738.0
2023-05-04,107.15,110.55,107.05,110.05,176330,EQ,8722.0,20.22,43070.0
2023-05-05,109.95,113.15,108.25,109.05,246184,EQ,11401.0,21.59,92494.0
2023-05-08,109.2,110.85,108.15,108.65,81600,EQ,4306.0,18.95,34774.0
2023-05-09,108.65,109.95,104.2,105.25,228855,EQ,12574.0,18.2,93781.0
2023-05-10,105.15,107.65,104.65,106.35,65199,EQ,3685.0,17.69,23878.0
2023-05-11,108.2,110.15,106.8,107.2,135564,EQ,6712.0,20.2,60373.0
2023-05-12,107.2,109.75,107.15,108.15,75568,EQ,3460.0,21.84,34054.0
2023-05-15,108.55,109.05,107.05,108.45,66904,EQ,3491.0,19.16,27541.0
2023-05-16,108.8,118.85,108.3,117.85,1122983,EQ,32407.0,34.65,474971.0
2023-05-17,119.55,123.2,118.45,121.65,923129,EQ,24609.0,37.51,253304.0
2023-05-18,122.3,123.55,115.6,117.0,381605,EQ,13076.0,29.18,143731.0
2023-05-19,117.85,120.85,113.8,118.55,345763,EQ,13439.0,25.73,99305.0
2023-05-22,119.05,122.65,116.2,117.55,314198,EQ,12028.0,26.12,102974.0
2023-05-23,117.55,121.1,116.8,120.4,183073,EQ,7616.0,24.04,78476.0
2023-05-24,120.0,120.8,116.65,116.85,163441,EQ,6431.0,25.41,70438.0
2023-05-25,117.15,118.35,114.6,115.35,170107,EQ,7444.0,22.85,72255.0
2023-05-26,115.35,119.55,108.9,109.65,1166330,EQ,40470.0,28.82,339320.0
2023-05-29,110.85,111.85,107.8,108.05,278945,EQ,12567.0,22.2,123620.0
2023-05-30,108.45,112.55,108.05,111.75,249789,EQ,9585.0,26.06,94559.0
2023-05-31,111.95,113.05,108.55,109.4,151372,EQ,6305.0,24.01,74319.0
2023-06-01,110.65,111.6,109.6,109.85,91768,EQ,4288.0,21.4,36985.0
2023-06-02,110.25,112.35,110.15,111.95,132376,EQ,5730.0,23.1,68869.0
2023-06-05,112.0,115.2,111.25,114.2,137085,EQ,5339.0,25.68,81708.0
2023-06-06,114.45,117.95,114.4,117.65,204659,EQ,7410.0,27.62,110338.0
2023-06-07,117.7,121.05,117.7,119.85,263868,EQ,10530.0,25.06,120621.0
2023-06-08,120.2,126.25,118.55,119.25,452626,EQ,15582.0,29.05,224774.0
2023-06-09,119.8,127.8,119.8,125.45,456200,EQ,17535.0,26.02,202396.0
2023-06-12,126.65,150.55,126.65,149.25,2615365,EQ,75183.0,34.79,798602.0
2023-06-13,151.15,151.95,142.45,143.65,1440553,EQ,60790.0,23.7,325143.0
2023-06-14,143.35,157.35,141.55,149.25,1208922,EQ,32788.0,36.87,293070.0
2023-06-15,149.55,151.4,145.65,148.35,327562,EQ,11387.0,28.77,126630.0
2023-06-16,148.65,150.65,145.8,146.9,125008,EQ,4920.0,25.41,60158.0
2023-06-19,147.15,148.6,142.35,143.45,146326,EQ,5997.0,24.4,81939.0
2023-06-20,143.35,165.85,142.2,162.45,1348635,EQ,36484.0,36.97,393010.0
2023-06-21,162.45,175.55,162.45,172.6,1088309,EQ,29505.0,36.89,313155.0
2023-06-22,173.25,182.85,171.6,176.4,1219864,EQ,44371.0,27.49,340700.0
2023-06-23,174.45,174.45,165.55,168.6,448495,EQ,19340.0,23.19,167988.0
2023-06-26,169.0,182.2,167.0,180.55,623811,EQ,23884.0,26.12,213625.0
2023-06-27,186.75,188.6,181.35,185.0,390327,EQ,13926.0,28.03,149940.0
2023-06-28,184.45,185.5,179.4,181.55,290468,EQ,13842.0,20.98,97822.0
2023-06-30,182.0,185.15,179.8,181.15,148978,EQ,7320.0,20.35,74047.0
2023-07-03,181.8,199.25,181.8,194.0,803609,EQ,19535.0,41.14,302705.0
2023-07-04,193.35,194.85,188.85,189.8,211280,EQ,8576.0,24.64,101198.0
2023-07-05,189.55,198.8,187.15,196.65,465871,EQ,12474.0,37.35,124681.0
2023-07-06,197.1,199.65,191.1,191.8,265448,EQ,8079.0,32.86,136679.0
2023-07-07,191.15,193.15,185.55,189.35,150078,EQ,6840.0,21.94,70906.0
2023-07-10,189.15,190.15,180.85,185.5,187951,EQ,8924.0,21.06,78551.0
2023-07-11,186.85,198.8,186.85,193.05,439647,EQ,16515.0,26.62,155111.0
2023-07-12,194.8,202.45,191.8,192.6,370212,EQ,10133.0,36.54,144322.0
2023-07-13,193.65,196.6,188.2,189.1,145018,EQ,6068.0,23.9,74249.0
2023-07-14,190.15,192.65,186.2,187.55,121729,EQ,5536.0,21.99,68577.0
2023-07-17,185.65,194.35,185.15,188.05,145980,EQ,6197.0,23.56,71107.0
2023-07-18,189.35,190.0,182.75,184.65,94589,EQ,5567.0,16.99,54774.0
2023-07-19,184.65,187.95,183.35,184.4,52838,EQ,3118.0,16.95,28723.0
2023-07-20,184.35,186.2,180.85,181.8,93188,EQ,6032.0,15.45,52349.0
2023-07-21,180.85,187.25,180.25,183.15,75789,EQ,5110.0,14.83,33776.0
2023-07-24,183.15,191.55,183.15,187.0,151658,EQ,8361.0,18.14,78062.0
2023-07-25,187.45,192.95,182.7,185.85,126402,EQ,8464.0,14.93,66952.0
2023-07-26,188.6,190.65,185.3,186.95,57203,EQ,4822.0,11.86,30311.0
2023-07-27,188.45,188.45,182.95,184.85,76881,EQ,4728.0,16.26,42356.0
2023-07-28,185.15,187.25,181.25,183.2,77089,EQ,4444.0,17.35,45945.0
2023-07-31,183.85,186.65,183.35,184.35,71010,EQ,4112.0,17.27,38800.0
2023-08-01,183.35,186.0,180.0,183.2,60518,EQ,3706.0,16.33,33147.0
2023-08-02,183.35,187.8,165.8,177.25,262612,EQ,12753.0,20.59,131293.0
2023-08-03,177.8,184.35,177.8,183.25,100116,EQ,5722.0,17.5,46870.0
2023-08-04,190.0,192.2,183.25,186.35,177437,EQ,8093.0,21.92,79168.0
2023-08-07,186.55,190.6,183.55,184.35,62823,EQ,4251.0,14.78,36110.0
2023-08-08,183.55,185.8,176.85,177.95,111442,EQ,7075.0,15.75,71678.0
2023-08-09,179.35,182.2,179.35,180.4,46375,EQ,3253.0,14.26,25081.0
2023-08-10,180.2,185.95,179.45,180.4,76216,EQ,4125.0,18.48,47844.0
2023-08-11,181.35,188.85,171.35,184.85,434544,EQ,16696.0,26.03,183768.0
2023-08-14,186.0,188.85,183.8,186.35,154967,EQ,7041.0,22.01,101714.0
2023-08-16,186.35,194.45,186.0,193.85,391512,EQ,15070.0,25.98,251119.0
2023-08-17,196.45,197.35,190.85,191.85,261040,EQ,11132.0,23.45,168207.0
2023-08-18,192.25,194.35,184.85,188.75,162785,EQ,8688.0,18.74,95737.0
2023-08-21,187.55,195.35,179.9,193.05,251600,EQ,11522.0,21.84,134581.0
2023-08-22,195.55,196.65,191.0,193.85,117207,EQ,5700.0,20.56,67261.0
2023-08-23,194.65,195.35,190.0,191.35,76502,EQ,4653.0,16.44,47650.0
2023-08-24,193.15,194.2,191.45,192.55,51827,EQ,2929.0,17.69,34639.0
2023-08-25,194.45,207.75,193.8,205.15,891752,EQ,26718.0,33.38,472387.0
2023-08-28,208.0,213.35,206.65,209.4,326691,EQ,14301.0,22.84,182692.0
2023-08-29,210.45,210.45,196.65,201.95,340295,EQ,15951.0,21.33,181662.0
2023-08-30,203.35,205.55,199.65,200.9,132753,EQ,6664.0,19.92,79583.0
2023-08-31,201.15,203.35,197.9,198.65,97516,EQ,5945.0,16.4,58172.0
2023-09-01,197.8,198.35,188.85,194.05,250980,EQ,13319.0,18.84,147615.0
2023-09-04,196.6,199.75,193.2,195.9,148986,EQ,7334.0,20.31,79965.0
2023-09-05,199.1,199.8,190.0,190.45,152373,EQ,9258.0,16.46,103313.0
2023-09-06,191.8,192.55,188.85,189.65,66922,EQ,5061.0,13.22,40122.0
2023-09-07,188.85,192.2,185.15,187.25,138424,EQ,8313.0,16.65,75841.0
2023-09-08,188.2,192.2,187.55,190.8,71529,EQ,4726.0,15.14,42462.0
2023-09-11,191.15,193.85,188.6,189.05,95249,EQ,6570.0,14.5,59262.0
2023-09-12,188.85,190.6,170.2,175.45,559482,EQ,20758.0,26.95,294948.0
2023-09-13,176.65,183.25,172.2,181.7,175660,EQ,8444.0,20.8,83047.0
2023-09-14,185.55,190.35,183.65,188.65,160963,EQ,6426.0,25.05,93740.0
2023-09-15,189.8,192.0,184.8,190.5,125968,EQ,6087.0,20.69,81722.0
2023-09-18,191.15,195.75,184.8,186.5,208156,EQ,8401.0,24.78,119514.0
2023-09-20,186.45,187.6,177.55,180.05,177483,EQ,8353.0,21.25,108529.0
2023-09-21,179.8,184.1,177.8,181.0,61592,EQ,4088.0,15.07,33405.0
2023-09-22,181.35,185.9,175.55,182.8,165707,EQ,8636.0,19.19,83634.0
2023-09-25,186.45,186.45,180.5,182.85,53014,EQ,2959.0,17.92,28347.0
2023-09-26,183.45,184.8,181.45,182.45,59254,EQ,3343.0,17.72,36817.0
2023-09-27,182.75,184.45,181.45,182.85,49772,EQ,3397.0,14.65,28217.0
2023-09-28,182.85,185.65,179.45,183.05,69285,EQ,4017.0,17.25,31168.0
2023-09-29,184.2,185.35,182.2,182.85,43839,EQ,2790.0,15.71,24896.0
2023-10-03,186.45,188.85,183.85,188.2,124270,EQ,6186.0,20.09,76161.0
2023-10-04,188.9,198.85,188.9,195.95,354016,EQ,16557.0,21.38,185040.0
2023-10-05,197.95,199.8,192.85,197.0,127901,EQ,5802.0,22.04,66343.0
2023-10-06,200.2,204.2,198.85,200.6,224961,EQ,9774.0,23.02,127978.0
2023-10-09,202.2,206.45,197.75,201.2,379380,EQ,15894.0,23.87,167577.0
2023-10-10,208.0,208.85,200.65,202.5,450852,EQ,16344.0,27.59,161745.0
2023-10-11,204.45,205.55,193.8,196.75,280720,EQ,14275.0,19.67,141164.0
2023-10-12,195.55,197.6,191.45,192.1,244215,EQ,15085.0,16.19,143858.0
2023-10-13,192.45,197.35,189.4,195.55,169274,EQ,9104.0,18.59,75423.0
2023-10-16,195.95,197.15,191.35,193.0,132449,EQ,6160.0,21.5,83340.0
2023-10-17,193.35,196.85,191.45,191.8,83417,EQ,5161.0,16.16,46535.0
2023-10-18,191.8,193.45,191.15,192.45,56627,EQ,3434.0,16.49,32984.0
2023-10-19,192.2,192.85,187.55,188.4,93509,EQ,5532.0,16.9,56055.0
2023-10-20,188.65,190.65,183.55,184.25,108214,EQ,6739.0,16.06,66752.0
2023-10-23,187.8,187.8,176.35,177.6,175304,EQ,12865.0,13.63,100384.0
2023-10-25,182.2,185.35,176.25,180.65,167022,EQ,11057.0,15.11,70028.0
2023-10-26,180.0,182.85,172.65,180.05,140476,EQ,11068.0,12.69,56776.0
2023-10-27,181.35,187.55,180.45,182.4,87610,EQ,5745.0,15.25,35838.0
2023-10-30,183.25,187.65,180.6,182.55,115927,EQ,7890.0,14.69,41063.0
2023-10-31,182.75,185.05,180.45,182.15,78254,EQ,4550.0,17.2,39127.0
2023-11-01,180.85,185.25,180.0,182.45,73836,EQ,5246.0,14.07,30217.0
2023-11-02,185.55,185.55,182.45,183.7,42436,EQ,3215.0,13.2,20637.0
2023-11-03,189.1,196.65,187.05,192.65,372198,EQ,16172.0,23.01,147939.0
2023-11-06,195.25,196.65,191.9,193.8,110980,EQ,6130.0,18.1,54326.0
2023-11-07,195.35,197.05,191.45,193.45,122118,EQ,6365.0,19.19,51459.0
2023-11-08,194.85,196.65,193.35,194.15,72595,EQ,3973.0,18.27,36827.0
2023-11-09,194.45,213.6,194.45,213.6,778533,EQ,19299.0,40.34,363141.0
2023-11-10,220.8,234.95,217.8,234.95,1285651,EQ,39205.0,32.79,315731.0
2023-11-12,242.2,247.35,233.15,241.7,381562,EQ,14795.0,25.79,164464.0
2023-11-13,237.75,239.75,230.45,232.85,389700,EQ,19629.0,19.85,172103.0
2023-11-15,236.2,239.45,229.05,231.45,204417,EQ,10808.0,18.91,103180.0
2023-11-16,233.15,254.6,232.45,254.6,412745,EQ,14084.0,29.31,201869.0
2023-11-17,259.8,267.8,248.95,251.65,782701,EQ,37427.0,20.91,282827.0
2023-11-20,252.85,276.8,249.75,269.5,813455,EQ,34895.0,23.31,268734.0
2023-11-21,275.4,276.85,264.45,269.15,262641,EQ,13912.0,18.88,112320.0
2023-11-22,274.0,278.95,263.55,265.95,284364,EQ,14825.0,19.18,104778.0
2023-11-23,271.15,271.85,265.55,267.35,138622,EQ,8715.0,15.91,58969.0
2023-11-24,268.45,280.75,268.45,270.0,318754,EQ,12582.0,25.33,116702.0
2023-11-28,280.45,280.45,267.15,269.55,200803,EQ,11565.0,17.36,100686.0
2023-11-29,272.45,272.8,258.2,261.65,224889,EQ,13250.0,16.97,122225.0
2023-11-30,263.8,263.8,252.25,256.7,176088,EQ,11057.0,15.93,88644.0
2023-12-01,259.85,265.25,255.55,256.15,96556,EQ,5848.0,16.51,54423.0
2023-12-04,268.45,268.45,258.0,263.7,210887,EQ,9499.0,22.2,117215.0
2023-12-05,265.55,272.05,258.2,264.6,210083,EQ,10813.0,19.43,94992.0
2023-12-06,266.65,268.75,256.65,258.25,149015,EQ,9381.0,15.88,85696.0
2023-12-07,258.45,260.7,252.25,256.0,137919,EQ,8964.0,15.39,73081.0
2023-12-08,258.4,260.0,249.6,254.95,154628,EQ,9164.0,16.87,65608.0
2023-12-11,257.0,280.4,256.65,280.4,589302,EQ,21034.0,28.02,324093.0
2023-12-12,283.15,308.45,283.15,306.7,1157614,EQ,44257.0,26.16,321100.0
2023-12-13,310.65,314.2,295.35,300.2,431316,EQ,27033.0,15.96,149173.0
2023-12-14,300.25,307.8,291.55,294.4,207719,EQ,14541.0,14.29,94621.0
2023-12-15,300.2,305.5,290.0,294.0,198571,EQ,13423.0,14.79,83445.0
2023-12-18,295.55,312.2,288.85,306.15,355162,EQ,20023.0,17.74,122301.0
2023-12-19,294.45,303.25,291.35,297.4,308159,EQ,18252.0,16.88,138484.0
2023-12-20,301.15,301.15,281.15,283.85,278273,EQ,18089.0,15.38,152250.0
2023-12-21,276.65,297.8,271.15,291.75,404816,EQ,19724.0,20.52,191681.0
2023-12-22,297.8,302.2,289.35,298.35,448798,EQ,19838.0,22.62,121160.0
2023-12-26,304.0,304.0,294.55,295.8,196437,EQ,9204.0,21.34,98094.0
2023-12-27,292.25,292.25,277.8,284.35,718042,EQ,40063.0,17.92,355983.0
2023-12-28,308.65,308.65,294.45,296.55,1011676,EQ,41781.0,24.21,432729.0
2023-12-29,304.45,326.15,300.2,326.15,1425543,EQ,44247.0,32.22,511385.0
2024-01-01,330.05,330.6,315.8,317.4,766532,EQ,39244.0,19.53,327021.0
2024-01-02,322.25,323.15,310.0,312.65,387056,EQ,26247.0,14.75,186731.0
2024-01-03,313.8,313.85,304.9,311.0,196964,EQ,15227.0,12.94,93651.0
2024-01-04,318.0,319.15,311.15,311.85,223875,EQ,18428.0,12.15,129528.0
2024-01-05,314.85,323.6,311.35,316.35,411130,EQ,24188.0,17.0,169817.0
2024-01-08,323.95,324.0,310.0,313.0,275918,EQ,16812.0,16.41,142074.0
2024-01-09,317.75,319.8,312.35,318.75,159525,EQ,9231.0,17.28,86185.0
2024-01-10,319.8,328.35,314.45,325.0,329629,EQ,18323.0,17.99,157778.0
2024-01-11,326.65,343.0,326.65,332.6,330112,EQ,20765.0,15.9,148276.0
2024-01-12,341.85,342.2,332.2,335.15,368117,EQ,11221.0,32.81,277351.0
2024-01-15,337.8,337.8,324.65,327.0,191092,EQ,16747.0,11.41,106242.0
2024-01-16,328.55,330.2,311.35,316.1,261824,EQ,21491.0,12.18,143821.0
2024-01-17,315.8,318.85,311.35,316.55,158627,EQ,13392.0,11.84,85112.0
2024-01-18,316.4,319.8,303.45,312.6,155932,EQ,13777.0,11.32,67373.0
2024-01-19,314.45,318.85,309.2,316.6,142500,EQ,10335.0,13.79,74146.0
2024-01-20,322.0,322.05,317.35,318.95,144857,EQ,7975.0,18.16,75973.0
2024-01-23,338.85,341.15,320.75,327.3,444165,EQ,31021.0,14.32,217841.0
2024-01-24,333.35,338.45,324.25,332.75,238305,EQ,18053.0,13.2,110645.0
2024-01-25,335.35,343.75,332.65,336.75,256889,EQ,16862.0,15.23,138553.0
2024-01-29,340.85,370.4,340.85,358.85,416820,EQ,25650.0,16.25,211507.0
2024-01-30,362.85,372.75,355.95,367.9,218909,EQ,16794.0,13.03,104316.0
2024-01-31,375.2,404.65,373.35,404.65,478832,EQ,18843.0,25.41,215914.0
2024-02-01,425.55,445.15,407.75,442.05,863993,EQ,52128.0,16.57,292994.0
2024-02-02,462.85,464.15,461.1,464.15,64979,EQ,2052.0,31.67,55865.0
2024-02-05,487.35,487.35,478.0,487.35,69354,EQ,2319.0,29.91,47676.0
2024-02-06,511.7,511.7,471.35,511.7,648417,EQ,45709.0,14.19,274833.0
2024-02-07,533.35,537.25,500.25,504.6,527981,EQ,34868.0,15.14,285610.0
2024-02-08,505.55,508.65,479.35,479.35,452302,EQ,34074.0,13.27,254548.0
2024-02-09,468.85,489.55,455.4,470.75,624981,EQ,38307.0,16.32,245020.0
2024-02-12,488.85,491.1,447.25,447.25,297825,EQ,17674.0,16.85,181943.0
2024-02-13,428.85,433.35,424.9,424.9,274564,EQ,9870.0,27.82,152167.0
2024-02-14,404.85,446.15,403.65,446.15,553265,EQ,39310.0,14.07,226061.0
2024-02-15,468.45,468.45,468.45,468.45,14020,EQ,427.0,32.83,14020.0
2024-02-16,491.85,491.85,491.85,491.85,18301,EQ,541.0,33.83,18301.0
2024-02-19,516.45,516.45,516.45,516.45,29525,EQ,658.0,44.87,29525.0
2024-02-20,526.65,542.25,511.75,519.95,819427,EQ,47090.0,17.4,422979.0
2024-02-21,540.0,545.95,533.35,545.95,135546,EQ,6126.0,22.13,91510.0
2024-02-22,559.65,573.2,557.05,573.2,504399,EQ,14350.0,35.15,228127.0
2024-02-23,601.85,601.85,590.0,601.85,105374,EQ,2331.0,45.21,65506.0
2024-02-26,630.0,630.0,571.75,591.8,1055286,EQ,70190.0,15.03,430991.0
2024-02-27,608.35,616.0,576.6,581.5,395130,EQ,27447.0,14.4,191816.0
2024-02-28,560.35,569.95,552.45,552.45,369306,EQ,20530.0,17.99,217331.0
2024-02-29,530.65,580.05,524.8,580.05,1103432,EQ,49534.0,22.28,622351.0
2024-03-01,588.35,609.05,560.0,580.25,941523,EQ,44764.0,21.03,372166.0
2024-03-02,586.35,593.35,580.65,587.0,87531,EQ,7448.0,11.75,49048.0
2024-03-04,610.0,615.6,574.0,578.6,960130,EQ,54442.0,17.64,413290.0
2024-03-05,583.0,583.0,549.65,550.2,542796,EQ,34238.0,15.85,298194.0
2024-03-06,563.35,568.95,541.65,565.35,553805,EQ,33585.0,16.49,247030.0
2024-03-07,575.0,584.95,560.0,575.25,306873,EQ,19602.0,15.66,141203.0
2024-03-11,604.0,604.0,565.35,572.9,423484,EQ,25362.0,16.7,205449.0
2024-03-12,584.6,591.65,544.25,544.25,329204,EQ,18101.0,18.19,233128.0
2024-03-13,517.05,538.65,517.05,517.05,360982,EQ,12739.0,28.34,157518.0
2024-03-14,491.2,504.95,491.2,496.35,632049,EQ,20014.0,31.58,300061.0
2024-03-15,494.35,514.65,474.35,484.25,835214,EQ,43877.0,19.04,301330.0
2024-03-18,500.0,508.45,493.95,508.45,210800,EQ,5244.0,40.2,149118.0
2024-03-19,522.35,532.8,504.35,516.85,527204,EQ,33699.0,15.64,222481.0
2024-03-20,526.35,526.35,493.35,496.0,325008,EQ,23065.0,14.09,147257.0
2024-03-21,506.65,520.8,498.65,520.8,259526,EQ,13271.0,19.56,146595.0
2024-03-22,516.65,538.65,505.0,512.05,472443,EQ,26295.0,17.97,190192.0
2024-03-26,513.0,516.5,501.65,504.7,205097,EQ,13511.0,15.18,104869.0
2024-03-27,504.75,517.0,504.75,510.7,197102,EQ,13061.0,15.09,97330.0
2024-03-28,511.65,526.65,502.1,507.65,258488,EQ,15023.0,17.21,113712.0
2024-04-01,517.0,533.05,517.0,533.05,155140,EQ,5543.0,27.99,111863.0
2024-04-02,559.7,559.7,545.0,559.7,453204,EQ,13579.0,33.38,192001.0
2024-04-03,573.15,573.15,552.0,556.15,397930,EQ,24920.0,15.97,203687.0
2024-04-04,573.0,573.0,546.95,554.35,257223,EQ,17255.0,14.91,130256.0
2024-04-05,553.35,561.75,538.0,551.6,290073,EQ,18216.0,15.92,120653.0
2024-04-08,549.95,579.15,549.9,579.15,472171,EQ,18919.0,24.96,301099.0
2024-04-09,581.65,608.1,568.35,587.4,805030,EQ,34180.0,23.55,290273.0
2024-04-10,588.8,597.35,573.35,579.0,310966,EQ,20434.0,15.22,140824.0
2024-04-12,580.0,606.0,570.35,591.8,620447,EQ,35641.0,17.41,259968.0
2024-04-15,567.0,578.35,562.25,562.55,811501,EQ,32685.0,24.83,306201.0
2024-04-16,559.35,580.3,557.05,563.35,498589,EQ,25400.0,19.63,280251.0
2024-04-18,572.95,591.55,571.65,589.0,984820,EQ,23283.0,42.3,357100.0
2024-04-19,579.65,591.2,564.0,578.4,596847,EQ,32263.0,18.5,225227.0
2024-04-22,599.85,607.35,590.35,607.35,351149,EQ,12413.0,28.29,224868.0
2024-04-23,628.0,637.7,621.65,637.7,202716,EQ,4478.0,45.27,139974.0
2024-04-24,669.6,669.6,650.0,669.6,1066048,EQ,31308.0,34.05,452227.0
2024-04-25,693.35,703.05,676.65,703.05,534744,EQ,17880.0,29.91,250631.0
2024-04-26,667.9,667.9,667.9,667.9,120459,EQ,8608.0,13.99,120396.0
2024-04-29,634.55,634.55,634.55,634.55,63777,EQ,5688.0,11.21,63777.0
2024-04-30,602.8,602.8,602.8,602.8,127769,EQ,8455.0,15.11,127767.0
2024-05-02,600.0,632.95,600.0,613.6,1839671,EQ,66672.0,27.59,766059.0
2024-05-03,627.65,628.15,600.65,623.35,667719,EQ,37750.0,17.69,292037.0
2024-05-06,651.35,654.5,633.55,654.5,1102173,EQ,30536.0,36.09,399526.0
2024-05-07,671.65,687.2,667.6,687.2,1053257,EQ,26260.0,40.11,368354.0
2024-05-08,697.0,698.0,652.85,652.85,947567,EQ,46676.0,20.3,352212.0
2024-05-09,646.0,661.4,620.25,620.25,574597,EQ,31293.0,18.36,244492.0
2024-05-10,616.85,625.75,593.35,617.45,459409,EQ,28963.0,15.86,189576.0
2024-05-13,603.65,616.45,586.55,596.55,613216,EQ,32143.0,19.08,233537.0
2024-05-14,600.0,626.4,600.0,626.4,277568,EQ,14715.0,18.86,145312.0
2024-05-15,645.0,657.7,639.0,657.7,438824,EQ,9900.0,44.33,174508.0
2024-05-16,674.65,684.95,635.05,647.95,599312,EQ,40080.0,14.95,279583.0
2024-05-17,651.65,664.95,636.65,640.2,297112,EQ,21774.0,13.65,137853.0
2024-05-18,650.0,650.0,617.65,642.2,98436,EQ,6236.0,15.79,57653.0
2024-05-21,646.65,655.65,631.65,640.5,381061,EQ,27586.0,13.81,164980.0
2024-05-22,650.5,651.85,623.35,628.2,313532,EQ,21807.0,14.38,183170.0
2024-05-23,640.0,658.25,628.35,631.7,472462,EQ,27010.0,17.49,208005.0
2024-05-24,636.35,647.65,617.0,621.05,270385,EQ,21005.0,12.87,153139.0
2024-05-27,616.35,628.95,601.75,610.0,285759,EQ,22505.0,12.7,139657.0
2024-05-28,610.0,617.65,590.65,595.25,320537,EQ,24804.0,12.92,194853.0
2024-05-29,593.55,616.65,585.0,598.0,371792,EQ,22453.0,16.56,159379.0
2024-05-30,602.65,604.75,585.1,587.45,306194,EQ,19361.0,15.81,155368.0
2024-05-31,591.35,616.35,566.05,607.45,408582,EQ,28390.0,14.39,195177.0
2024-06-03,637.65,637.85,607.45,615.95,323142,EQ,21075.0,15.33,183813.0
2024-06-04,613.65,613.65,585.15,585.15,279761,EQ,17982.0,15.56,168794.0
2024-06-05,558.4,570.0,555.9,560.85,476640,EQ,24039.0,19.83,226302.0
2024-06-06,584.65,588.85,572.05,588.75,539873,EQ,17127.0,31.52,266146.0
2024-06-07,581.65,616.65,580.0,609.45,315234,EQ,19904.0,15.84,151161.0
2024-06-10,610.35,621.0,595.65,599.55,231332,EQ,18725.0,12.35,138281.0
2024-06-11,608.35,615.95,596.65,606.0,179818,EQ,13337.0,13.48,96321.0
2024-06-12,607.0,629.95,607.0,626.75,312455,EQ,16537.0,18.89,185121.0
2024-06-13,630.65,631.65,613.4,616.45,194068,EQ,14028.0,13.83,118774.0
2024-06-14,620.0,623.35,606.65,611.65,161296,EQ,12511.0,12.89,93394.0
2024-06-18,613.15,620.65,604.35,607.05,227346,EQ,16453.0,13.82,143577.0
2024-06-19,613.0,615.0,593.35,598.05,136785,EQ,10937.0,12.51,89670.0
2024-06-20,598.05,604.45,591.65,592.95,124353,EQ,10138.0,12.27,74306.0
2024-06-21,594.25,603.35,586.05,588.55,161981,EQ,12791.0,12.66,92224.0
2024-06-24,583.65,592.75,580.65,582.95,121419,EQ,10641.0,11.41,72983.0
2024-06-25,586.65,591.65,577.3,581.35,130690,EQ,11382.0,11.48,77735.0
2024-06-26,583.35,592.45,577.2,578.55,125631,EQ,10891.0,11.54,76807.0
2024-06-27,578.55,588.0,571.65,573.0,149358,EQ,12437.0,12.01,98332.0
2024-06-28,584.35,601.6,577.3,601.6,281131,EQ,14821.0,18.97,173534.0
2024-07-01,610.0,616.35,588.0,594.25,291429,EQ,20227.0,14.41,182465.0
2024-07-02,610.0,610.0,583.7,587.8,214510,EQ,17860.0,12.01,122268.0
2024-07-03,605.0,606.6,590.6,599.75,258038,EQ,15632.0,16.51,134747.0
2024-07-04,601.65,603.35,593.35,595.15,137763,EQ,11658.0,11.82,87012.0
2024-07-05,599.95,603.35,589.65,594.35,164108,EQ,12815.0,12.81,101242.0
2024-07-08,612.35,621.6,605.65,612.05,430512,EQ,27936.0,15.41,226218.0
2024-07-09,633.0,633.0,617.65,626.7,270644,EQ,23989.0,11.28,172146.0
2024-07-10,626.65,628.65,607.0,619.95,197214,EQ,19051.0,10.35,123506.0
2024-07-11,624.65,628.35,619.2,620.4,146453,EQ,14532.0,10.08,98162.0
2024-07-12,622.35,625.15,613.35,617.05,134433,EQ,14002.0,9.6,95374.0
2024-07-15,627.35,647.95,625.35,647.95,492326,EQ,13500.0,36.47,251113.0
2024-07-16,680.35,680.35,660.4,679.55,1041727,EQ,42074.0,24.76,477273.0
2024-07-18,679.75,713.55,670.55,713.55,1498178,EQ,29451.0,50.87,691991.0
2024-07-19,720.0,720.0,677.85,677.85,619455,EQ,19993.0,30.98,312076.0
2024-07-22,653.35,659.85,644.0,644.0,1372041,EQ,36028.0,38.08,491667.0
2024-07-23,646.65,658.0,611.8,621.1,986507,EQ,50110.0,19.69,456337.0
2024-07-24,624.0,652.15,620.65,625.85,489690,EQ,17758.0,27.58,226898.0
2024-07-25,619.35,622.65,606.65,613.95,176269,BE,9722.0,18.13,176269.0
2024-07-26,644.65,644.65,630.0,643.8,393696,BE,11626.0,33.86,393696.0
2024-07-29,639.35,646.45,619.35,626.65,291871,BE,16349.0,17.85,291871.0
2024-07-30,626.5,646.0,615.35,630.5,228178,BE,10405.0,21.93,228178.0
2024-07-31,630.5,640.0,615.75,619.15,186784,BE,8837.0,21.14,186784.0
2024-08-01,626.6,650.1,616.0,646.05,419720,BE,11583.0,36.24,419720.0
2024-08-02,633.35,678.0,633.25,673.4,738693,BE,18591.0,39.73,738693.0
2024-08-05,640.0,680.65,639.75,650.45,555186,BE,19969.0,27.8,555186.0
2024-08-06,650.45,666.0,617.95,619.45,321888,BE,15807.0,20.36,321888.0
2024-08-07,625.35,646.15,624.0,643.95,130358,BE,5410.0,24.1,130358.0
2024-08-08,644.0,676.15,630.0,676.15,736082,BE,11399.0,64.57,736082.0
2024-08-09,703.35,709.95,696.0,709.95,827913,BE,18553.0,44.62,827913.0
2024-08-12,716.65,745.35,674.65,732.55,728701,BE,23525.0,30.98,728701.0
2024-08-13,729.95,729.95,695.95,695.95,468049,BE,16215.0,28.87,468049.0
2024-08-14,673.35,686.65,661.15,668.15,582708,BE,21229.0,27.45,582708.0
2024-08-16,668.15,682.65,664.0,667.45,390411,BE,16177.0,24.13,390411.0
2024-08-19,693.35,695.35,666.65,670.25,346310,BE,16499.0,20.99,346310.0
2024-08-20,679.8,679.8,649.35,652.7,341981,BE,18164.0,18.83,341981.0
2024-08-21,619.95,633.35,619.95,625.15,1365265,BE,41696.0,32.74,1365265.0
2024-08-22,626.65,633.35,623.35,625.55,272270,BE,13960.0,19.5,272270.0
2024-08-23,625.55,632.65,615.55,617.95,270883,BE,17061.0,15.88,270883.0
2024-08-26,623.35,625.9,600.0,605.8,419992,BE,23317.0,18.01,419992.0
2024-08-27,611.35,616.65,601.0,605.35,342216,BE,17941.0,19.07,342216.0
2024-08-28,610.65,610.8,593.35,595.85,384976,BE,23377.0,16.47,384976.0
2024-08-29,599.9,601.95,574.65,576.35,672201,BE,28716.0,23.41,672201.0
2024-08-30,582.15,605.15,582.15,604.35,498899,BE,15018.0,33.22,498899.0
2024-09-02,609.95,612.75,586.65,591.05,343078,BE,18242.0,18.81,343078.0
2024-09-03,590.0,601.35,582.65,592.15,429441,BE,14526.0,29.56,429441.0
2024-09-04,592.55,603.35,580.75,598.55,398095,BE,12738.0,31.25,398095.0
2024-09-05,604.0,604.0,590.0,590.6,246828,BE,11998.0,20.57,246828.0
2024-09-06,598.0,599.95,580.0,581.65,187902,BE,15423.0,12.18,187902.0
2024-09-09,576.65,581.7,552.6,552.6,471033,BE,29976.0,15.71,471033.0
2024-09-10,552.6,566.65,538.45,560.55,483265,BE,27224.0,17.75,483265.0
2024-09-11,560.0,560.55,542.65,543.5,525067,BE,22694.0,23.14,525067.0
2024-09-12,550.15,552.95,538.65,540.2,574832,BE,20545.0,27.98,574832.0
2024-09-13,546.35,567.2,529.65,545.85,410752,BE,18439.0,22.28,410752.0
2024-09-16,553.35,565.35,543.35,545.15,259416,BE,14960.0,17.34,259416.0
2024-09-17,554.4,558.3,543.35,545.05,222812,BE,20052.0,11.11,222812.0
2024-09-18,546.65,549.35,537.35,541.65,305226,BE,18996.0,16.07,305226.0
2024-09-19,535.65,549.35,523.35,529.25,326961,BE,23725.0,13.78,326961.0
2024-09-20,541.35,541.35,509.75,521.85,1309241,BE,34563.0,37.88,1309241.0
2024-09-23,533.35,547.35,526.65,543.05,299248,BE,11236.0,26.63,299248.0
2024-09-24,570.15,570.15,570.15,570.15,133614,BE,2927.0,45.65,133614.0
2024-09-25,598.65,598.65,584.35,598.65,691195,BE,19942.0,34.66,691195.0
2024-09-26,601.65,604.85,574.15,598.65,478910,BE,14209.0,33.7,478910.0
2024-09-27,599.8,599.8,573.35,576.7,406253,BE,21041.0,19.31,406253.0
2024-09-30,579.85,586.0,570.65,575.9,178104,BE,11571.0,15.39,178104.0
2024-10-01,578.9,584.65,568.7,570.45,115828,BE,7465.0,15.52,115828.0
2024-10-03,556.75,566.65,546.65,553.3,274043,BE,16184.0,16.93,274043.0
2024-10-04,553.3,563.2,534.0,537.75,332973,BE,17342.0,19.2,332973.0
2024-10-07,546.0,553.35,510.85,514.2,647897,BE,26263.0,24.67,647897.0
2024-10-08,512.0,539.9,494.65,538.35,431050,BE,16525.0,26.08,431050.0
2024-10-09,540.0,563.3,540.0,552.95,249454,BE,11636.0,21.44,249454.0
2024-10-10,562.65,562.65,534.6,536.35,259391,BE,18963.0,13.68,259391.0
2024-10-11,536.65,545.35,526.65,533.0,127709,BE,10535.0,12.12,127709.0
2024-10-14,533.35,545.35,530.0,532.05,168227,BE,10458.0,16.09,168227.0
2024-10-15,537.9,543.95,530.0,535.0,185978,BE,11565.0,16.08,185978.0
2024-10-16,532.0,561.35,530.0,559.2,426535,BE,14173.0,30.09,426535.0
2024-10-17,563.85,563.85,535.35,550.15,172657,BE,6843.0,25.23,172657.0
2024-10-18,553.35,553.35,535.35,546.25,198269,BE,7846.0,25.27,198269.0
2024-10-21,536.0,553.2,530.0,533.4,198675,BE,8580.0,23.16,198675.0
2024-10-22,531.35,533.35,509.85,517.05,435369,BE,17452.0,24.95,435369.0
2024-10-23,526.0,531.35,504.1,524.35,195730,BE,8368.0,23.39,195730.0
2024-10-24,525.15,530.0,514.0,522.6,160510,BE,5897.0,27.22,160510.0
2024-10-25,522.65,526.65,496.45,504.7,479801,BE,19372.0,24.77,479801.0
2024-10-28,494.0,513.65,494.0,499.95,295023,EQ,14788.0,19.95,227199.0
2024-10-29,500.0,505.1,481.35,483.45,344514,EQ,22334.0,15.43,293299.0
2024-10-30,481.35,507.65,481.35,494.25,627480,EQ,17983.0,34.89,310962.0
2024-10-31,499.95,518.95,494.7,518.7,504817,EQ,16325.0,30.92,233164.0
2024-11-01,526.65,544.6,519.8,540.25,245068,EQ,8976.0,27.3,152475.0
2024-11-04,547.3,563.35,520.0,554.4,584973,EQ,20293.0,28.83,357228.0
2024-11-05,551.55,566.65,548.05,563.35,661676,EQ,21145.0,31.29,407983.0
2024-11-06,579.95,579.95,536.1,548.25,1651316,EQ,41980.0,39.34,838396.0
2024-11-07,558.65,558.65,520.9,530.45,742098,EQ,31803.0,23.33,434055.0
2024-11-08,530.45,545.15,515.35,527.75,465548,EQ,20610.0,22.59,272061.0
2024-11-11,527.0,527.0,501.35,502.45,773528,EQ,26609.0,29.07,363795.0
2024-11-12,513.95,527.55,503.45,519.85,550432,EQ,24964.0,22.05,283400.0
2024-11-13,522.65,523.2,497.0,498.45,386005,EQ,23137.0,16.68,213482.0
2024-11-14,496.7,509.95,496.65,500.65,262039,EQ,13969.0,18.76,164272.0
2024-11-18,509.95,524.0,500.0,517.8,386973,EQ,20490.0,18.89,217891.0
2024-11-19,522.3,526.65,505.35,506.8,424379,EQ,32586.0,13.02,286192.0
2024-11-21,511.2,511.35,498.0,501.4,310226,EQ,18106.0,17.13,202167.0
2024-11-22,500.0,504.55,480.5,487.65,505085,EQ,24233.0,20.84,368187.0
2024-11-25,493.25,512.0,483.35,507.95,853650,EQ,23125.0,36.91,591044.0
2024-11-26,511.6,512.6,501.05,503.9,232851,EQ,9431.0,24.69,132130.0
2024-11-27,505.25,514.65,503.05,511.65,655497,EQ,10928.0,59.98,529898.0
2024-11-28,512.0,536.65,511.4,528.35,728727,EQ,22358.0,32.59,521005.0
2024-11-29,530.0,530.0,519.05,525.0,206878,EQ,9253.0,22.36,123217.0
2024-12-02,533.35,538.0,514.35,519.35,355881,EQ,15462.0,23.02,200979.0
2024-12-03,538.6,545.3,530.05,545.3,684479,EQ,19974.0,34.27,431782.0
2024-12-04,560.0,565.55,546.65,556.1,718868,EQ,25666.0,28.01,401310.0
2024-12-05,555.35,559.25,544.7,546.75,309340,EQ,15385.0,20.11,162465.0
2024-12-06,547.35,551.65,544.05,546.35,276407,EQ,10948.0,25.25,185396.0
2024-12-09,546.35,559.85,543.35,545.0,289854,EQ,11638.0,24.91,172747.0
2024-12-10,545.35,548.55,537.35,538.75,236598,EQ,10061.0,23.52,142991.0
2024-12-11,539.85,555.45,539.35,542.85,355063,EQ,12830.0,27.67,186971.0
2024-12-12,544.85,545.35,531.05,533.15,297056,EQ,11780.0,25.22,178407.0
2024-12-13,533.25,535.95,521.05,528.45,262373,EQ,11906.0,22.04,134556.0
2024-12-16,530.45,553.35,521.7,541.75,431966,EQ,16903.0,25.56,214452.0
2024-12-17,543.35,543.35,528.6,530.45,344406,EQ,14726.0,23.39,193789.0
2024-12-18,530.0,532.25,516.65,520.15,263927,EQ,12800.0,20.62,153781.0
2024-12-19,511.15,520.0,506.65,509.4,359605,EQ,17929.0,20.06,236312.0
2024-12-20,530.65,534.85,518.85,534.7,1581939,EQ,27498.0,57.53,696762.0
2024-12-23,546.0,548.55,529.05,530.85,434236,EQ,19617.0,22.14,211614.0
2024-12-24,535.15,535.2,519.65,523.65,344918,EQ,12775.0,27.0,157010.0
2024-12-26,529.6,536.6,523.65,529.75,311383,EQ,13783.0,22.59,167762.0
2024-12-27,530.15,540.35,530.15,532.85,339482,EQ,14097.0,24.08,201216.0
2024-12-30,543.95,559.2,532.0,536.75,844095,EQ,37284.0,22.64,428206.0
2024-12-31,536.75,547.25,530.0,543.45,383130,EQ,16319.0,23.48,218571.0
2025-01-01,546.65,555.25,544.75,552.7,327429,EQ,15237.0,21.49,185056.0
2025-01-02,559.95,576.55,556.65,571.85,1076590,EQ,35609.0,30.23,732684.0
2025-01-03,579.0,588.8,545.2,547.7,1138144,EQ,38450.0,29.6,691205.0
2025-01-06,546.0,551.95,520.35,521.3,607216,EQ,24657.0,24.63,352785.0
2025-01-07,513.95,519.9,500.05,504.85,661256,EQ,21640.0,30.56,376277.0
2025-01-08,510.0,514.0,489.0,491.4,607240,EQ,20604.0,29.47,333503.0
2025-01-09,496.0,498.55,481.2,483.1,473214,EQ,17085.0,27.7,293616.0
2025-01-10,483.0,484.65,458.95,458.95,1051753,EQ,19804.0,53.11,458726.0
2025-01-13,437.05,448.0,436.0,436.0,1349271,EQ,15596.0,86.51,735251.0
2025-01-14,422.0,434.0,414.2,418.6,3339424,EQ,41307.0,80.84,1104629.0
2025-01-15,424.05,439.5,416.35,428.65,1706554,EQ,25411.0,67.16,761986.0
2025-01-16,436.95,443.95,422.1,426.65,936388,EQ,27152.0,34.49,500856.0
2025-01-17,429.95,432.0,417.1,418.5,497383,EQ,20578.0,24.17,298327.0
2025-01-20,420.0,426.85,415.0,419.85,778251,EQ,24556.0,31.69,457214.0
2025-01-21,421.85,427.95,409.0,410.05,512490,EQ,17234.0,29.74,287134.0
2025-01-22,410.05,410.9,389.55,389.55,771824,EQ,19903.0,38.78,457183.0
2025-01-23,370.1,389.0,370.1,370.1,3038522,EQ,39377.0,77.16,1392305.0
2025-01-24,357.0,367.2,351.6,351.6,1802127,EQ,37589.0,47.94,941023.0
2025-01-27,336.55,344.7,334.05,334.05,1305109,EQ,16531.0,78.95,624593.0
2025-01-28,325.1,329.0,317.35,317.35,2938131,EQ,23760.0,123.66,1154430.0
2025-01-29,319.9,333.2,313.4,333.2,679113,EQ,7892.0,86.05,359286.0
2025-01-30,349.85,349.85,349.85,349.85,43012,EQ,684.0,62.88,43012.0
2025-01-31,367.3,367.3,367.3,367.3,38860,EQ,627.0,61.98,38860.0
2025-02-01,362.7,385.65,357.7,385.65,1087079,EQ,9768.0,111.29,584565.0
2025-02-03,397.0,404.9,397.0,404.9,329847,EQ,1579.0,208.9,312630.0
2025-02-04,425.1,425.1,404.9,410.25,2849621,EQ,35444.0,80.4,1408656.0
2025-02-05,415.0,430.75,400.1,430.75,733541,EQ,15055.0,48.72,402600.0
2025-02-06,432.1,452.25,418.1,452.25,1506793,EQ,19426.0,77.57,597591.0
2025-02-07,474.85,474.85,474.85,474.85,119304,EQ,1311.0,91.0,119304.0
2025-02-10,485.0,485.0,451.1,451.1,2624414,EQ,27745.0,94.59,1888664.0
2025-02-11,437.0,455.45,428.55,428.55,613358,EQ,7519.0,81.57,271807.0
2025-02-12,413.15,423.4,407.15,407.2,1714640,EQ,19598.0,87.49,588172.0
2025-02-13,407.0,427.55,407.0,427.55,391476,EQ,5920.0,66.13,230347.0
2025-02-14,434.4,447.0,408.0,415.5,1540132,EQ,29898.0,51.51,796993.0
2025-02-17,412.9,417.0,394.75,395.7,924350,EQ,23936.0,38.62,422360.0
2025-02-18,395.0,397.45,375.75,375.75,715989,EQ,22308.0,32.1,394494.0
2025-02-19,364.75,394.5,361.2,394.5,1094392,EQ,10158.0,107.74,436070.0
2025-02-20,396.3,414.2,391.5,414.2,859879,EQ,13106.0,65.61,338864.0
2025-02-21,414.0,425.0,395.0,403.45,1167414,EQ,21098.0,55.33,493093.0
2025-02-24,397.0,408.2,384.35,399.15,1173169,EQ,18822.0,62.33,390998.0
2025-02-25,403.95,406.0,393.1,397.65,567829,EQ,11468.0,49.51,203345.0
2025-02-27,410.0,416.0,390.5,393.25,893030,EQ,19163.0,46.6,365844.0
2025-02-28,391.9,391.9,374.1,378.25,874280,EQ,17677.0,49.46,430274.0
2025-03-03,382.8,386.45,359.35,376.05,1407669,EQ,20451.0,68.83,572343.0
2025-03-04,364.15,394.85,364.15,382.9,1491576,EQ,16473.0,90.55,415523.0
2025-03-05,384.95,402.0,384.9,395.55,1481671,EQ,15719.0,94.26,456833.0
2025-03-06,403.75,407.95,390.0,391.65,913366,EQ,17780.0,51.37,454063.0
2025-03-07,391.65,411.2,390.9,405.35,1419242,EQ,15424.0,92.02,458345.0
2025-03-10,407.0,410.0,385.1,386.15,732844,EQ,12071.0,60.71,435957.0
2025-03-11,382.0,384.5,370.25,382.5,586029,EQ,11066.0,52.96,200868.0
2025-03-12,383.55,389.0,376.05,382.2,450472,EQ,8987.0,50.12,212267.0
2025-03-13,382.2,386.65,376.0,377.75,711563,EQ,8444.0,84.27,542176.0
2025-03-17,381.5,394.8,377.1,378.55,646419,EQ,10319.0,62.64,348165.0
2025-03-18,385.0,386.4,380.0,383.0,670553,EQ,9735.0,68.88,365990.0
2025-03-19,386.0,402.15,385.05,399.55,1381712,EQ,16983.0,81.36,528073.0
2025-03-20,404.0,416.5,396.1,414.95,1178169,EQ,17303.0,68.09,574229.0
2025-03-21,416.2,435.65,414.3,428.95,1368280,EQ,29598.0,46.23,700519.0
2025-03-24,433.0,447.6,430.0,438.75,902704,EQ,24316.0,37.12,520902.0
2025-03-25,440.0,444.4,423.0,425.0,828827,EQ,15951.0,51.96,458847.0
2025-03-26,419.0,430.95,406.0,407.8,860824,EQ,15349.0,56.08,486222.0
2025-03-27,404.0,421.0,403.2,417.15,1221615,EQ,21256.0,57.47,646694.0
2025-03-28,422.0,424.2,405.75,408.5,862907,EQ,15620.0,55.24,432088.0
2025-04-01,404.9,417.95,402.7,412.0,469589,EQ,10614.0,44.24,194079.0
2025-04-02,416.0,426.6,402.0,420.75,580097,EQ,13411.0,43.26,218507.0
2025-04-03,413.0,441.75,409.05,430.15,1451294,EQ,17889.0,81.13,460250.0
2025-04-04,429.0,431.5,408.65,408.8,806196,EQ,14592.0,55.25,446215.0
2025-04-07,367.95,389.7,367.95,385.15,1200751,EQ,24923.0,48.18,577153.0
2025-04-08,406.85,407.0,387.95,399.85,560763,EQ,12849.0,43.64,180377.0
2025-04-09,395.0,396.95,384.0,388.4,401573,EQ,10226.0,39.27,192438.0
2025-04-11,419.8,419.8,398.0,410.15,687814,EQ,13897.0,49.49,326620.0
2025-04-15,417.0,429.0,413.05,420.75,657265,EQ,13049.0,50.37,329276.0
2025-04-16,414.0,429.0,414.0,421.8,477471,EQ,10201.0,46.81,213561.0
2025-04-17,421.35,429.95,419.0,427.2,614306,EQ,10983.0,55.93,316594.0
2025-04-21,430.0,435.0,426.45,432.75,463566,EQ,13133.0,35.3,238287.0
2025-04-22,435.0,443.8,427.25,436.25,661446,EQ,15331.0,43.14,291572.0
2025-04-23,438.0,444.8,420.0,433.1,614380,EQ,13839.0,44.39,254793.0
2025-04-24,431.0,438.8,420.3,421.8,559611,EQ,11614.0,48.18,325245.0
2025-04-25,422.1,422.7,395.15,402.25,866430,EQ,21987.0,39.41,406446.0
2025-04-28,401.0,405.0,395.55,398.55,509142,EQ,14098.0,36.11,195727.0
2025-04-29,402.0,409.95,394.7,396.25,336457,EQ,8881.0,37.89,168524.0
2025-04-30,396.95,399.0,380.0,381.45,734056,EQ,20029.0,36.65,430756.0
2025-05-02,385.0,391.0,376.65,380.9,475810,EQ,12002.0,39.64,223557.0
2025-05-05,384.0,402.0,379.05,397.1,717148,EQ,16248.0,44.14,280613.0
2025-05-06,397.1,399.7,375.0,378.1,559610,EQ,15345.0,36.47,309824.0
2025-05-07,363.0,376.0,360.7,362.65,1417171,EQ,34138.0,41.51,766078.0
2025-05-08,363.95,370.95,356.0,359.25,934641,EQ,27216.0,34.34,418801.0
2025-05-09,336.0,352.0,336.0,348.35,916309,EQ,22159.0,41.35,425672.0
2025-05-12,377.8,383.15,363.2,380.75,2658081,EQ,41593.0,63.91,1442962.0
2025-05-13,380.8,418.8,380.4,414.9,2287796,EQ,39547.0,57.85,900734.0
2025-05-14,421.0,447.15,408.0,437.05,6205881,EQ,98315.0,63.12,1730136.0
2025-05-15,445.0,455.0,431.9,450.8,3829457,EQ,71789.0,53.34,1262156.0
2025-05-16,451.8,453.4,439.0,441.55,1329696,EQ,25467.0,52.21,598602.0
2025-05-19,443.65,485.7,443.6,485.7,2420414,EQ,36293.0,66.69,1329498.0
2025-05-20,494.8,509.95,478.35,483.25,4560585,EQ,50286.0,90.69,1344503.0
2025-05-21,484.8,484.8,461.1,474.35,1315236,EQ,23647.0,55.62,588793.0
2025-05-22,472.55,483.35,463.15,467.6,909027,EQ,16806.0,54.09,393362.0
2025-05-23,469.45,475.95,452.75,463.6,847525,EQ,15596.0,54.34,382816.0
2025-05-26,468.0,486.0,467.6,470.15,597815,EQ,15236.0,39.24,321845.0
2025-05-27,471.65,475.0,463.1,469.15,500721,EQ,11715.0,42.74,234222.0
2025-05-28,473.4,474.3,467.0,468.65,400244,EQ,8162.0,49.04,233419.0
2025-05-29,472.15,492.05,466.3,492.05,1783200,EQ,25849.0,68.99,742055.0
2025-05-30,494.0,503.5,484.0,487.85,1659119,EQ,32554.0,50.97,723951.0
2025-06-02,495.0,497.0,484.1,491.45,788377,EQ,21902.0,36.0,368216.0
2025-06-03,494.7,496.0,481.0,482.05,526093,EQ,13650.0,38.54,312090.0
2025-06-04,482.05,506.15,480.0,505.55,3147412,EQ,32074.0,98.13,1151242.0
2025-06-05,505.55,511.9,499.6,503.45,1122314,EQ,20054.0,55.96,455827.0
2025-06-06,510.0,528.4,507.15,519.65,2881843,EQ,68761.0,41.91,984864.0
2025-06-09,523.0,528.8,510.4,514.05,1178679,EQ,28635.0,41.16,595864.0
2025-06-10,519.05,524.5,514.8,518.2,654582,EQ,21255.0,30.8,345372.0
2025-06-11,520.5,544.95,519.65,529.35,2154981,EQ,62751.0,34.34,906883.0
2025-06-12,530.75,533.2,505.55,507.95,1219891,EQ,36835.0,33.12,552072.0
2025-06-13,495.0,507.15,485.1,498.8,872333,EQ,29387.0,29.68,409216.0
2025-06-16,494.0,502.0,477.0,497.15,813860,EQ,30711.0,26.5,305039.0
2025-06-17,497.0,501.0,486.0,487.05,574414,EQ,19516.0,29.43,301828.0
2025-06-18,486.0,492.5,477.25,480.65,558238,EQ,19196.0,29.08,242034.0
2025-06-19,481.05,483.2,465.0,467.9,925684,EQ,33477.0,27.65,407669.0
2025-06-20,467.9,487.7,467.0,478.7,920364,EQ,29068.0,31.66,360356.0
2025-06-23,466.65,482.0,466.65,478.4,553877,EQ,17130.0,32.33,217125.0
2025-06-24,485.0,503.55,483.55,493.3,1177525,EQ,28480.0,41.35,491559.0
2025-06-25,497.05,506.45,494.4,498.55,835594,EQ,28118.0,29.72,348582.0
2025-06-26,501.0,504.5,495.05,497.15,469554,EQ,16855.0,27.86,245167.0
2025-06-27,499.85,502.4,492.0,495.1,611539,EQ,24071.0,25.41,325775.0
2025-06-30,498.0,520.0,498.0,514.65,1492413,EQ,49913.0,29.9,708132.0
2025-07-01,517.0,531.8,516.95,528.85,1177759,EQ,54840.0,21.48,691690.0
2025-07-02,531.8,538.0,511.65,514.8,855139,EQ,36697.0,23.3,435346.0
2025-07-03,516.0,521.75,510.45,513.25,424817,EQ,18886.0,22.49,219194.0
2025-07-04,514.9,521.9,504.3,517.35,774144,EQ,29342.0,26.38,278152.0
2025-07-07,520.05,526.05,511.5,512.95,594850,EQ,20205.0,29.44,242089.0
2025-07-08,512.9,516.9,502.05,507.2,450605,EQ,15943.0,28.26,207570.0
2025-07-09,509.1,533.5,508.45,517.35,1198174,EQ,34292.0,34.94,501339.0
2025-07-10,519.65,535.05,518.15,534.15,1162772,EQ,35283.0,32.96,621916.0
2025-07-11,534.95,539.5,518.6,521.25,965614,EQ,30936.0,31.21,438724.0
2025-07-14,522.25,534.4,514.45,527.35,764410,EQ,31880.0,23.98,315511.0
2025-07-15,530.0,552.8,530.0,540.05,1707935,EQ,55061.0,31.02,657561.0
2025-07-16,542.95,563.0,537.0,556.45,2630033,EQ,64440.0,40.81,1027311.0
2025-07-17,557.5,558.4,546.45,551.35,845169,EQ,26408.0,32.0,446642.0
2025-07-18,553.9,556.8,543.65,547.7,762649,EQ,27658.0,27.57,331299.0
2025-07-21,549.8,555.0,540.8,546.7,731572,EQ,22189.0,32.97,333100.0
2025-07-22,546.7,554.5,534.15,542.4,620353,EQ,19375.0,32.02,260628.0
2025-07-23,543.0,544.9,528.0,529.65,524739,EQ,20287.0,25.87,277825.0
2025-07-24,532.0,538.3,524.0,534.45,666428,EQ,18942.0,35.18,324796.0
2025-07-25,533.0,533.0,518.05,519.85,748259,EQ,22767.0,32.87,400648.0
2025-07-28,519.0,521.9,498.5,500.8,932141,EQ,30196.0,30.87,458564.0
2025-07-29,499.8,527.0,493.45,522.65,927240,EQ,27671.0,33.51,360756.0
2025-07-30,525.0,527.0,512.85,514.75,271354,EQ,9943.0,27.29,142085.0
2025-07-31,509.85,522.8,499.9,512.75,526101,EQ,17887.0,29.41,198328.0
2025-08-01,523.95,534.2,517.0,523.8,980533,EQ,26848.0,36.52,492346.0
2025-08-04,525.8,541.0,521.15,539.5,904391,EQ,30187.0,29.96,408213.0
2025-08-05,541.95,552.0,508.35,532.5,3639219,EQ,104642.0,34.78,824106.0
2025-08-06,534.05,536.6,513.65,532.05,1056587,EQ,31601.0,33.44,444912.0
2025-08-07,528.05,529.15,509.0,512.75,921771,EQ,29755.0,30.98,422279.0
2025-08-08,515.0,516.25,505.05,506.45,524977,EQ,14967.0,35.08,246707.0
2025-08-11,506.0,538.55,505.15,525.45,1343417,EQ,46896.0,28.65,556306.0
2025-08-12,527.0,534.95,513.9,514.85,706301,EQ,31744.0,22.25,311489.0
2025-08-13,517.8,523.1,513.05,515.45,508658,EQ,18800.0,27.06,244239.0
2025-08-14,515.45,519.0,507.0,508.65,453879,EQ,13588.0,33.4,251833.0
2025-08-18,518.0,526.95,513.85,515.1,526315,EQ,16404.0,32.08,244365.0
2025-08-19,515.85,536.6,514.0,533.55,1161634,EQ,48119.0,24.14,693231.0
2025-08-20,534.05,536.4,520.15,521.55,487155,EQ,18242.0,26.71,291049.0
2025-08-21,522.05,530.9,516.0,517.2,504226,EQ,17936.0,28.11,267489.0
2025-08-22,518.0,523.4,512.55,518.85,449679,EQ,16873.0,26.65,192397.0
2025-08-25,522.0,533.0,508.35,510.0,1057955,EQ,30746.0,34.41,439395.0
2025-08-26,509.0,510.4,495.15,498.3,697570,EQ,24273.0,28.74,336709.0
2025-08-28,498.0,498.3,481.1,483.35,514756,EQ,20723.0,24.84,255679.0
2025-08-29,483.35,491.0,479.25,481.2,514371,EQ,25611.0,20.08,195420.0
2025-09-01,484.0,493.5,484.0,491.95,370997,EQ,13407.0,27.67,169127.0
2025-09-02,492.95,498.4,487.55,492.05,319351,EQ,12004.0,26.6,117019.0
2025-09-03,492.8,501.9,492.55,496.4,552773,EQ,14173.0,39.0,302106.0
2025-09-04,503.9,504.5,487.6,489.35,358776,EQ,16162.0,22.2,182610.0
2025-09-05,489.0,492.1,482.8,486.85,368544,EQ,16558.0,22.26,151008.0
2025-09-08,489.6,493.9,483.75,485.0,364726,EQ,13797.0,26.44,180090.0
2025-09-09,485.0,487.8,474.65,476.65,364376,EQ,15891.0,22.93,203203.0
2025-09-10,478.0,488.0,478.0,481.75,306874,EQ,11750.0,26.12,153876.0
2025-09-11,482.9,486.0,478.8,480.6,276035,EQ,11154.0,24.75,151926.0
2025-09-12,481.25,487.2,480.6,482.35,368553,EQ,8435.0,43.69,251623.0
2025-09-15,483.45,489.4,479.1,480.55,372365,EQ,14308.0,26.02,174634.0
2025-09-16,481.65,490.95,481.65,486.55,303270,EQ,10185.0,29.78,138516.0
2025-09-17,489.4,491.85,484.0,487.05,295653,EQ,9873.0,29.95,143773.0
2025-09-18,490.0,490.9,480.1,480.85,367339,EQ,13515.0,27.18,213187.0
2025-09-19,475.1,484.0,475.1,481.3,321680,EQ,10601.0,30.34,158172.0
2025-09-22,481.3,489.2,477.05,480.35,407664,EQ,15181.0,26.85,190561.0
2025-09-23,480.35,482.25,474.95,477.45,449157,EQ,10075.0,44.58,333028.0
2025-09-24,475.0,478.15,464.05,465.2,434154,EQ,19813.0,21.91,219361.0
2025-09-25,474.8,488.7,467.7,470.55,1553193,EQ,58712.0,26.45,420309.0
2025-09-26,472.55,474.4,444.05,447.4,773092,EQ,36200.0,21.36,385297.0
2025-09-29,449.9,451.05,435.0,441.9,582742,EQ,29978.0,19.44,232720.0
2025-09-30,441.85,448.9,436.7,438.45,258933,EQ,14141.0,18.31,107898.0
2025-10-01,440.4,448.85,436.85,445.75,383360,EQ,13222.0,28.99,160890.0
2025-10-03,449.7,459.0,445.05,452.6,733098,EQ,21226.0,34.54,393574.0
2025-10-06,453.25,456.15,441.5,443.0,707851,EQ,19501.0,36.3,471147.0
2025-10-07,443.0,444.2,431.0,432.0,456599,EQ,22910.0,19.93,249699.0
2025-10-08,431.0,431.8,421.05,425.05,543619,EQ,24105.0,22.55,269848.0
2025-10-09,425.0,425.55,419.0,421.8,602162,EQ,24176.0,24.91,282152.0
2025-10-10,423.4,449.0,423.4,442.6,2147391,EQ,54234.0,39.59,592006.0
2025-10-13,442.0,454.0,435.45,450.75,833939,EQ,27196.0,30.66,263833.0
2025-10-14,450.8,456.0,443.0,450.9,604152,EQ,24146.0,25.02,235352.0
2025-10-15,450.3,454.0,445.05,448.95,315591,EQ,14074.0,22.42,124301.0
2025-10-16,450.0,464.0,447.35,459.75,580746,EQ,15519.0,37.42,287875.0
2025-10-17,461.95,481.05,460.1,478.45,1474987,EQ,39593.0,37.25,507782.0
2025-10-20,482.45,498.0,478.8,496.6,1654449,EQ,46826.0,35.33,586847.0
2025-10-21,500.05,509.5,500.05,505.1,609700,EQ,16894.0,36.09,403124.0
2025-10-23,505.5,514.0,493.0,508.6,1000340,EQ,24887.0,40.2,460913.0
2025-10-24,510.6,520.0,503.7,517.7,1054551,EQ,21887.0,48.18,472466.0
2025-10-27,516.8,524.95,511.55,522.2,1117195,EQ,25198.0,44.34,484494.0
2025-10-28,520.0,524.3,514.0,522.65,793319,EQ,18100.0,43.83,436863.0
2025-10-29,524.45,535.6,518.05,531.7,1605843,EQ,28964.0,55.44,744350.0
2025-10-30,531.0,536.0,525.05,534.4,1062842,EQ,19146.0,55.51,542693.0
2025-10-31,533.55,537.8,527.1,535.3,802175,EQ,18152.0,44.19,314755.0
2025-11-03,535.0,542.25,532.0,538.8,812974,EQ,23223.0,35.01,419202.0
2025-11-04,540.0,540.3,527.4,532.05,473856,EQ,11551.0,41.02,235493.0
2025-11-06,528.2,529.2,508.05,510.75,834439,EQ,22523.0,37.05,372953.0
2025-11-07,509.45,527.0,493.0,503.2,3044021,EQ,79572.0,38.25,611323.0
2025-11-10,513.15,515.65,482.0,484.3,857423,EQ,27734.0,30.92,388099.0
2025-11-11,483.0,495.5,483.0,486.3,708242,EQ,21392.0,33.11,307955.0
2025-11-12,486.85,492.45,484.0,485.9,465743,EQ,15431.0,30.18,193718.0
2025-11-13,486.0,487.95,470.0,472.05,685965,EQ,22182.0,30.92,349518.0
2025-11-14,470.4,476.0,466.4,469.4,807151,EQ,25099.0,32.16,338274.0
2025-11-17,470.85,479.0,462.55,466.9,862408,EQ,30227.0,28.53,363872.0
2025-11-18,470.0,473.8,462.1,464.2,503097,EQ,27048.0,18.6,188557.0
2025-11-19,463.1,467.95,461.5,462.35,458770,EQ,16481.0,27.84,174274.0
2025-11-20,462.85,472.0,462.85,464.4,520265,EQ,17361.0,29.97,169350.0
2025-11-21,464.35,464.8,445.0,449.4,526573,EQ,18680.0,28.19,289359.0
2025-11-24,446.15,446.15,434.05,436.5,774174,EQ,27490.0,28.16,346042.0
2025-11-25,435.75,443.75,432.25,441.05,482507,EQ,16391.0,29.44,183700.0
2025-11-26,441.9,445.45,440.15,443.05,372001,EQ,11013.0,33.78,158756.0
2025-11-27,443.05,443.65,436.0,438.85,333192,EQ,12708.0,26.22,151832.0
2025-11-28,438.0,438.85,430.5,431.4,397737,EQ,15680.0,25.37,183774.0
2025-12-01,426.4,434.4,423.0,424.25,696635,EQ,22502.0,30.96,372185.0
2025-12-02,425.0,437.85,411.6,429.9,1160890,EQ,37416.0,31.03,341251.0
2025-12-03,439.0,450.0,420.0,446.5,2617761,EQ,60797.0,43.06,615747.0
2025-12-04,448.8,452.9,437.55,441.75,894461,EQ,26157.0,34.2,233664.0
2025-12-05,440.5,440.5,421.35,423.55,597844,EQ,22938.0,26.06,278885.0
2025-12-08,420.2,425.55,386.8,395.1,1929237,EQ,54664.0,35.29,844198.0
2025-12-09,395.0,406.9,386.8,399.15,2612982,EQ,50081.0,52.18,514396.0
2025-12-10,400.9,403.4,391.85,393.4,1778538,EQ,24271.0,73.28,253125.0
2025-12-11,393.2,403.9,388.8,400.1,1712937,EQ,22351.0,76.64,430094.0
2025-12-12,403.6,427.0,399.5,424.75,1834657,EQ,30166.0,60.82,459055.0
2025-12-15,426.0,435.45,421.0,432.35,1201014,EQ,23319.0,51.5,269159.0
2025-12-16,431.0,431.0,423.8,425.05,1336030,EQ,12885.0,103.69,158106.0
2025-12-17,420.2,430.85,413.55,416.95,778172,EQ,25312.0,30.74,234102.0
2025-12-18,431.0,437.7,417.8,422.5,1534942,EQ,37760.0,40.65,264234.0
2025-12-19,425.6,425.6,415.55,417.75,797447,EQ,16155.0,49.36,474869.0
2025-12-22,422.0,425.75,419.5,420.25,454461,EQ,12641.0,35.95,208670.0
2025-12-23,422.0,422.75,415.8,420.8,556229,EQ,11910.0,46.7,293721.0
2025-12-24,420.55,432.3,419.0,426.35,1025251,EQ,19380.0,52.9,411666.0
2025-12-26,429.0,429.0,414.8,416.4,475506,EQ,13888.0,34.24,217443.0
2025-12-29,416.95,418.9,402.0,404.85,658536,EQ,17498.0,37.63,369677.0
2025-12-30,415.0,485.0,407.0,474.2,35794668,EQ,420592.0,85.11,3599047.0
2025-12-31,474.15,514.0,467.5,502.7,41916294,EQ,492301.0,85.14,3543194.0
2026-01-01,501.8,505.45,476.6,485.25,6738406,EQ,100068.0,67.34,889715.0
2026-01-02,485.6,492.85,475.6,485.15,3537933,EQ,57385.0,61.65,448780.0
2026-01-05,486.1,507.0,486.1,491.05,3140277,EQ,52725.0,59.56,540145.0
2026-01-06,492.5,492.5,470.0,475.5,1224878,EQ,27676.0,44.26,334331.0
2026-01-07,475.0,491.8,469.05,487.1,1610708,EQ,30370.0,53.04,396744.0
2026-01-08,485.15,486.0,460.0,463.0,1330091,EQ,29251.0,45.47,384926.0
2026-01-09,460.1,468.15,443.0,447.0,1371498,EQ,40697.0,33.7,309668.0
2026-01-12,447.0,451.2,432.6,441.45,1512952,EQ,36518.0,41.43,355321.0
2026-01-13,466.6,469.35,443.2,448.05,3029232,EQ,51095.0,59.29,340188.0
2026-01-14,445.8,448.65,431.25,432.95,994201,EQ,24027.0,41.38,313302.0
2026-01-16,435.0,454.45,435.0,443.7,2084294,EQ,40229.0,51.81,378008.0
2026-01-19,443.0,445.8,436.0,442.5,799897,EQ,16215.0,49.33,223487.0
2026-01-20,445.35,456.0,437.15,442.85,2146269,EQ,41009.0,52.34,405461.0
2026-01-21,440.0,458.55,419.8,431.45,4782182,EQ,74475.0,64.21,703146.0
2026-01-22,440.35,449.0,429.35,434.05,1193009,EQ,28901.0,41.28,269580.0
2026-01-23,435.0,435.0,406.1,410.05,1150571,EQ,33090.0,34.77,393665.0
2026-01-27,412.8,417.15,400.0,408.95,1534415,EQ,41038.0,37.39,313645.0
2026-01-28,410.25,416.95,395.6,406.05,1625763,EQ,32535.0,49.97,556222.0
2026-01-29,410.0,420.4,398.0,400.35,1552641,EQ,31791.0,48.84,534790.0
2026-01-30,400.0,401.55,389.0,395.75,1315304,EQ,32126.0,40.94,511011.0
2026-02-01,397.7,410.95,383.0,391.85,1057997,EQ,27950.0,37.85,274145.0
2026-02-02,391.1,398.4,381.15,391.9,1029697,EQ,24296.0,42.38,345441.0
2026-02-03,415.0,417.5,398.1,401.65,1340651,EQ,22553.0,59.44,562561.0
2026-02-04,401.0,417.35,396.3,412.2,1755959,EQ,28153,62.37,793438
2026-02-05,411.5,411.9,404.1,405.25,576477,EQ,11742,49.1,198965
2026-02-06,404.0,405.0,396.45,402.0,645677,EQ,16008,40.33,247956
2026-02-09,404.85,429.3,402.5,418.9,1729752,EQ,35219,49.11,556825
2026-02-10,421.35,427.5,418.9,420.75,1055083,EQ,21661,48.71,378714
2026-02-11,422.0,424.0,416.05,421.9,594891,EQ,11693,50.88,232239
2026-02-12,421.0,421.05,410.0,412.05,576877,EQ,13193,43.73,234274
2026-02-13,398.55,407.0,398.55,402.85,589253,EQ,13877,42.46,212226
2026-02-16,402.85,406.0,399.05,404.6,404590,EQ,9820,41.2,136085
2026-02-17,404.5,409.85,403.95,407.25,391358,EQ,8952,43.72,132575
2026-02-18,405.0,413.05,402.55,404.4,663499,EQ,15855,41.85,202940
2026-02-19,405.0,408.2,392.0,394.85,666916,EQ,18112,36.82,293681
2026-02-20,394.0,399.8,392.4,397.4,428668,EQ,12539,34.19,150704
2026-02-23,397.95,401.0,392.0,394.2,411618,EQ,11249,36.59,168538
2026-02-24,392.0,392.0,380.65,385.7,739620,EQ,19266,38.39,307479
2026-02-25,386.9,391.0,380.6,383.65,493085,EQ,13872,35.55,201288
2026-02-26,383.7,388.9,381.7,382.95,343040,EQ,11019,31.13,141703
2026-02-27,382.0,389.95,377.3,386.15,611084,EQ,14585,41.9,266050
2026-03-02,363.05,377.7,356.85,361.8,1376202,EQ,36263,37.95,554126
2026-03-04,356.85,357.7,345.05,347.5,952209,EQ,27671,34.41,448514
2026-03-05,352.0,356.4,346.65,351.65,632318,EQ,19537,32.37,268303
2026-03-06,350.0,359.25,349.0,350.05,639176,EQ,17814,35.88,252731
2026-03-09,340.95,344.9,335.65,339.2,834198,EQ,20775,40.15,389719
2026-03-10,348.0,358.0,339.45,356.45,1140449,EQ,24099,47.32,465152
2026-03-11,360.0,373.0,359.2,363.7,897559,EQ,22105,40.6,328452
2026-03-12,363.7,431.3,351.2,394.7,15664570,EQ,247593,63.27,1416942
2026-03-13,404.05,422.55,388.3,401.6,12514041,EQ,226669,55.21,929885
2026-03-16,401.65,403.8,369.25,380.3,2460060,EQ,63167,38.95,541222
2026-03-17,381.0,394.2,374.1,381.9,1657828,EQ,33821,49.02,376374
2026-03-18,382.1,390.9,378.25,385.25,906686,EQ,23094,39.26,261724
2026-03-19,378.5,392.95,373.0,374.15,1107458,EQ,31807,34.82,282707
2026-03-20,381.25,386.5,376.1,378.0,661990,EQ,17288,38.29,172625
2026-03-23,373.25,375.0,356.0,357.95,930222,EQ,24999,37.21,408737
2026-03-24,371.6,379.5,359.7,375.5,1131002,EQ,27102,41.73,368720
2026-03-25,382.0,388.55,378.0,383.95,1029421,EQ,19663,52.35,517722
2026-03-27,383.95,387.0,366.55,368.65,1363702,EQ,33515,40.69,614237
2026-03-30,366.0,366.2,350.0,351.2,1127850,EQ,27794,40.58,503446
2026-04-01,367.55,395.9,362.0,387.7,1626302,EQ,35873,45.33,457088
2026-04-02,377.2,392.4,366.0,387.2,873495,EQ,22484,38.85,231133
2026-04-06,387.2,393.4,377.55,390.35,989668,EQ,28543,34.67,259781
2026-04-07,386.5,394.8,383.95,388.2,690348,EQ,17925,38.51,232220
2026-04-08,408.3,411.95,401.1,407.1,1259931,EQ,24068,52.35,556539
2026-04-09,407.1,411.6,396.0,404.15,1072012,EQ,28163,38.06,278010
2026-04-10,406.9,415.95,406.4,411.1,673794,EQ,16068,41.93,284520
2026-04-13,400.0,424.0,394.8,417.2,1578061,EQ,31258,50.49,445588
2026-04-15,429.0,437.4,424.2,434.5,1322185,EQ,25278,52.31,530402
2026-04-16,441.0,442.8,431.9,440.9,1097454,EQ,23188,47.33,392315
2026-04-17,447.3,465.0,446.05,448.25,2001268,EQ,44739,44.73,730772
2026-04-20,446.0,451.5,437.3,440.55,944907,EQ,22712,41.6,337237
2026-04-21,441.5,449.3,441.15,442.85,568388,EQ,13527,42.02,215440
2026-04-22,442.0,458.1,439.85,454.1,1265283,EQ,26526,47.7,521387
2026-04-23,452.8,474.8,450.25,459.25,1908042,EQ,36053,52.92,660578
2026-04-24,460.0,464.1,446.4,448.9,744944,EQ,19441,38.32,328403
2026-04-27,455.0,467.35,453.0,461.15,1061422,EQ,21482,49.41,452896
2026-04-28,464.0,468.0,457.5,459.65,570990,EQ,11725,48.7,216580
2026-04-29,462.8,465.9,450.05,451.2,619321,EQ,15193,40.76,275979
2026-04-30,451.2,453.0,439.05,447.95,577173,EQ,17818,32.39,204664
2026-05-04,451.35,463.8,450.05,459.05,805603,EQ,19553,41.2,298691
2026-05-05,461.0,464.25,447.15,455.85,1084022,EQ,25224,42.98,362919
2026-05-06,456.15,507.3,452.0,482.35,14400749,EQ,232094,62.05,1852506
2026-05-07,488.0,499.9,484.0,488.25,2995980,EQ,49925,60.01,895736
2026-05-08,489.9,492.55,474.0,476.2,1565374,EQ,29850,52.44,546751
2026-05-11,476.2,476.2,451.2,455.55,1369405,EQ,30333,45.15,545555
2026-05-12,452.0,452.0,429.55,432.7,1277983,EQ,32078,39.84,550384
2026-05-13,432.75,442.15,432.75,435.3,895414,EQ,24571,36.44,337002
2026-05-14,437.1,443.55,416.4,427.15,1076767,EQ,25969,41.46,356062
2026-05-15,427.2,432.0,419.0,420.6,952616,EQ,21778,43.74,496473
2026-05-18,414.0,423.45,406.25,421.25,952181,EQ,24753,38.47,321293
2026-05-19,422.0,443.0,421.3,438.0,1190384,EQ,28728,41.44,467409
2026-05-20,433.0,436.7,426.35,433.7,690038,EQ,15262,45.21,230343
2026-05-21,440.75,446.9,428.05,430.45,589291,EQ,15045,39.17,240407
2026-05-22,433.95,434.15,425.1,426.8,459569,EQ,13344,34.44,172873
2026-05-25,429.9,437.75,429.85,436.35,413881,EQ,10561,39.19,181863
2026-05-26,436.0,443.0,431.05,431.95,735093,EQ,15675,46.9,405582
2026-05-27,435.0,447.45,431.0,435.85,823534,EQ,20818,39.56,284517
2026-05-29,434.0,442.9,410.0,420.95,856374,EQ,22456,38.14,351072
2026-06-01,430.0,430.7,413.4,416.2,734744,EQ,21197,34.66,236422
2026-06-02,415.8,424.95,409.0,420.6,681530,EQ,25748,26.47,212052
2026-06-03,419.0,421.8,411.05,414.9,602740,EQ,17256,34.93,261007
2026-06-04,410.0,415.15,403.1,406.25,1018984,EQ,30053,33.91,460133
2026-06-05,410.0,411.3,398.7,405.85,969198,EQ,29438,32.92,338679
2026-06-08,400.0,400.7,386.25,389.75,983448,EQ,31164,31.56,482500
2026-06-09,389.75,395.8,388.6,394.05,541676,EQ,18319,29.57,239730
2026-06-10,394.8,398.1,387.0,388.45,555224,EQ,16001,34.7,298344
2026-06-11,385.0,386.7,378.9,381.7,522077,EQ,18329,28.48,234348
2026-06-12,386.1,404.0,386.1,401.4,590654,EQ,14778,39.97,286815
2026-06-15,413.85,416.0,404.0,405.3,645631,EQ,16547,39.02,371278
2026-06-16,408.0,411.15,404.05,408.0,457529,EQ,10520,43.49,253122
2026-06-17,408.05,412.3,406.55,410.15,442558,EQ,10503,42.14,244723
2026-06-18,409.2,415.8,405.05,407.4,631457,EQ,14305,44.14,250546
2026-06-19,406.6,412.9,402.0,409.15,610005,EQ,16462,37.06,287247
2026-06-22,408.05,416.0,407.75,411.0,539540,EQ,15271,35.33,244654
2026-06-23,410.05,410.65,400.0,402.25,900172,EQ,21433,42.0,450884
2026-06-24,400.05,406.1,395.15,402.9,429250,EQ,14305,30.01,165022
2026-06-25,404.2,406.1,397.5,398.7,357072,EQ,10197,35.02,168444
2026-06-29,398.0,402.2,394.0,395.55,405098,EQ,12109,33.45,206541
2026-06-30,395.55,404.7,395.55,398.05,493159,EQ,13546,36.41,228388
2026-07-01,399.95,405.65,396.0,396.8,366493,EQ,10752,34.09,179657
2026-07-02,404.0,411.65,401.0,402.55,882726,EQ,26007,33.94,353478
2026-07-03,408.3,409.0,401.1,404.3,479163,EQ,18236,26.28,251443
2026-07-06,404.3,404.5,399.35,402.95,337006,EQ,11498,29.31,176922
2026-07-07,405.4,411.5,399.0,401.0,482917,EQ,13782,35.04,192818
2026-07-08,399.5,406.5,395.05,396.65,518523,EQ,14130,36.7,222965
2026-07-09,396.65,403.5,396.65,397.8,329512,EQ,10472,31.47,157300
2026-07-10,400.0,407.0,400.0,404.6,318284,EQ,11347,28.05,169273
2026-07-13,400.0,406.95,398.05,401.35,540386,EQ,12823,42.14,262580
2026-07-14,401.0,402.45,398.1,399.3,250419,EQ,8781,28.52,132326
2026-07-15,404.0,411.0,400.2,404.8,611356,EQ,19099,32.01,268970
2026-07-16,408.15,419.9,406.2,406.85,783390,EQ,26191,29.91,296858
2026-07-17,408.1,415.85,406.8,409.6,571200,EQ,16782,34.04,234293
2026-07-20,405.5,415.15,401.6,412.95,718370,EQ,18103,39.68,211973
2026-07-21,412.0,413.9,405.5,406.45,291878,EQ,8135,35.88,138975
2026-07-22,406.45,407.35,393.1,396.7,390866,EQ,10600,36.87,223591
2026-07-23,395.0,395.9,388.65,390.3,337842,EQ,9993,33.81,160181
2026-07-24,385.5,395.0,382.65,390.2,482779,EQ,15036,32.11,169104
2026-07-27,391.75,398.0,391.5,392.45,307348,EQ,9917,30.99,141361
2026-07-28,391.8,392.0,386.1,387.0,262415,EQ,9741,26.94,148544
2026-07-29,388.0,391.95,387.0,390.35,248799,EQ,8594,28.95,127833
2026-07-30,391.0,391.65,383.05,383.75,318404,EQ,8606,37.0,183680
2026-07-31,383.05,386.45,366.85,373.75,886566,EQ,28991,30.58,508498
2026-08-03,375.4,383.0,375.4,380.85,369696,EQ,12660,29.2,190441
2026-08-04,380.0,388.6,376.4,382.2,648810,EQ,16510,39.3,318923
2026-08-05,385.4,388.25,375.8,377.0,530278,EQ,14664,36.16,289050
2026-08-06,377.0,378.9,373.75,375.35,418329,EQ,13752,30.42,231988
2026-08-07,374.05,375.6,370.0,370.7,648865,EQ,18772,34.57,368182
2026-08-10,372.3,375.15,365.35,369.25,818936,EQ,25483,32.14,434117
2026-08-11,367.2,375.0,332.9,350.9,11787049,EQ,193877,60.8,2865823
2026-08-12,348.0,352.75,335.1,337.2,1775887,EQ,43784,40.56,771792
2026-08-13,337.0,340.0,326.3,328.25,1462287,EQ,34270,42.67,750465
2026-08-14,325.0,330.0,317.0,319.0,1330666,EQ,30661,43.4,706055
2026-08-17,319.0,319.0,301.2,303.1,2908257,EQ,53767,54.09,1478310
2026-08-18,302.5,316.3,302.45,308.9,2232623,EQ,45336,49.25,724902
2026-08-19,308.0,315.5,302.3,308.35,1385558,EQ,25282,54.8,509209
2026-08-20,309.2,314.55,306.0,307.05,1086522,EQ,20223,53.73,524013
2026-08-21,307.1,322.5,307.05,312.6,2184169,EQ,38621,56.55,864928
2026-08-24,315.0,322.0,314.2,321.15,1247358,EQ,23615,52.82,460047
2026-08-25,322.05,323.65,316.55,319.25,490139,EQ,12575,38.98,196472
2026-08-26,319.3,323.65,318.55,322.0,573662,EQ,13302,43.13,206293
2026-08-27,322.0,322.05,316.05,316.65,294592,EQ,8227,35.81,149608
2026-08-28,319.0,319.4,311.55,314.25,444520,EQ,12910,34.43,203958
2026-08-31,314.05,314.05,303.1,304.6,749825,EQ,22317,33.6,412367
2026-09-01,304.6,309.45,303.55,307.8,1230691,EQ,18546,66.36,613457
2026-09-02,307.0,307.0,301.5,304.6,907949,EQ,12768,71.11,583284
2026-09-03,305.0,309.75,302.15,303.25,1051546,EQ,12982,81.0,699543
2026-09-04,303.3,307.95,303.3,307.0,525172,EQ,12780,41.09,227829
2026-09-07,305.5,306.75,302.0,302.6,619631,EQ,13833,44.79,278054
2026-09-08,303.55,304.45,290.55,292.05,1209981,EQ,25728,47.03,658661
2026-09-09,294.05,300.35,291.0,291.55,808169,EQ,20388,39.64,292650
2026-09-10,291.8,294.4,286.5,287.5,834609,EQ,21292,39.2,402350
